,Dutifulness,Cooperation,Self-consciousness,Orderliness,Achievement striving,Self-efficacy,Activity level,Self-discipline,Excitement-seeking,Cautiousness,Morality,Anxiety,Emotionality,Vulnerability,Immoderation,Sympathy,Friendliness,Modesty,Altruism,Assertiveness,Adventurousness,Gregariousness,Intellect,Imagination,Artistic interests,Depression,Anger,Trust,Cheerfulness,Liberalism,Rated,Language,Country,Director,Year,Genre,Runtime,imdbVotes,Actors1,Actors2,Words,DiversityW,Verb/Noun,Zipf
Ghost in a Teeny Bikini,0.585807090168,0.78650653922,0.343105508245,0.502662799902,0.4086088992,0.308984544599,0.189378313271,0.474774304794,0.234702726515,0.68435630867,0.944557501624,0.211304084932,0.644102288745,0.265619526316,0.409860763239,0.965438901208,0.368254797437,0.933274849913,0.871710913386,0.568572738978,0.537941836585,0.244456892726,0.978091075488,0.514486727886,0.784380162536,0.462553345273,0.116533009152,0.200810140399,0.324018794117,0.418008744812,NOT RATED,English,USA,Fred Olen Ray,2006,"Comedy, Musical",84,406,Christine Nguyen, Nicole Sheridan,3891.0,0.30300693909,1.17561521253,0.891233665686
Daens,0.438908402877,0.475255749512,0.144874705778,0.598838326976,0.594352110531,0.563896756829,0.567443731985,0.60568772151,0.150987994955,0.733750912286,0.93635905065,0.104321983518,0.679760543949,0.126021034512,0.198431780298,0.988325903914,0.594102716841,0.827178552816,0.916621937091,0.913018798316,0.587118325863,0.271308668631,0.976755240344,0.247278289772,0.774643930305,0.426579499267,0.283165573495,0.168862807878,0.271196128493,0.212749671977,N/A,"Flemish, Dutch, French, Latin, Spanish","Belgium, France, Netherlands",Stijn Coninx,1992,"Biography, Drama, History",138,"3,084",Jan Decleir, Gérard Desarthe,8237.0,0.232001942455,1.40444184687,0.905176396009
Echoes of War,0.377981073412,0.66258944334,0.0447321754457,0.84073330904,0.434164391323,0.279927363735,0.265221639186,0.751452924636,0.227798548641,0.705850492691,0.974899389461,0.0365053979237,0.770398683026,0.0934812935986,0.304237183113,0.92935884714,0.837719749082,0.927114720169,0.872920105038,0.787623082876,0.718906040635,0.768366764233,0.77742766067,0.173815023548,0.685257293067,0.201021197731,0.148592010149,0.079372776554,0.910498788282,0.0351622606748,R,English,USA,Kane Senes,2015,"Drama, Thriller, Western",100,"1,322",James Badge Dale, Ethan Embry,4316.0,0.231927710843,1.109,0.846962496075
Dagon,0.0614313927533,0.241884365487,0.10208505973,0.834649399085,0.162059788207,0.383393967258,0.29475015334,0.494287199163,0.726143269595,0.184413172275,0.655522841447,0.17504018928,0.446789085961,0.316243817902,0.184905196864,0.853602224172,0.728188624216,0.850309432597,0.521111936184,0.600220982276,0.90978525622,0.662317285707,0.839137626764,0.592154573257,0.723871976863,0.477340340322,0.449943870739,0.0382053525633,0.77803300245,0.0560602794148,R,"English, Gallegan, Spanish",Spain,Stuart Gordon,2001,"Fantasy, Horror, Mystery",98,"12,883",Ezra Godden, Francisco Rabal,2790.0,0.328315412186,1.82321428571,0.86088066169
Hotel Desire,0.558216312701,0.700246443923,0.167302346829,0.602592327146,0.477805225625,0.539135632339,0.392247733395,0.697811489869,0.274894271564,0.753852460784,0.85567161725,0.186136498906,0.816656395108,0.296477926004,0.356412901161,0.832504030187,0.692729256856,0.812523962024,0.837440345885,0.724826924579,0.630584026014,0.458896490373,0.734113584455,0.201647721724,0.5523811699,0.286328455708,0.356609436685,0.316813905953,0.702724135033,0.294533893594,N/A,German,Germany,Sergej Moya,2011,"Short, Drama, Romance",38,"1,473",Saralisa Volm, Clemens Schick,1461.0,0.418206707734,1.67457627119,0.890743948159
Nostalgia,0.544084456956,0.580338948012,0.278494782089,0.461059004485,0.294436503332,0.313729038267,0.33625538604,0.295909423552,0.402371895499,0.564440640001,0.892383495211,0.321540305522,0.963815298899,0.354114208063,0.510952844036,0.993048095106,0.492083274142,0.895973235394,0.977579473794,0.698148265415,0.64229513614,0.318964757575,0.983610911611,0.710127321366,0.935105922369,0.66740824367,0.240218538931,0.196105351808,0.401609887846,0.426217473169,NOT RATED,"Italian, Russian","Italy, Soviet Union",Andrei Tarkovsky,1983,Drama,125,"13,425",Oleg Yankovskiy, Erland Josephson,3203.0,0.326256634405,1.24890829694,0.888130010295
Kung Pow: Enter the Fist,0.217255389521,0.666147548517,0.364854265936,0.797035067164,0.146273957225,0.045730202061,0.0376985642827,0.372618103448,0.219365734745,0.742526496594,0.934253975906,0.101493610848,0.345484542802,0.240676522234,0.372376526762,0.684349695352,0.210693600532,0.925309420953,0.364891557428,0.226840312604,0.786524545827,0.139863157893,0.808079505483,0.439502363707,0.717191317846,0.408746687439,0.238499761391,0.101504155668,0.38141533806,0.252560135777,PG-13,English,"USA, Hong Kong, Taiwan",Steve Oedekerk,2002,"Action, Comedy",81,"38,181",Steve Oedekerk, Fei Lung,4444.0,0.289378937894,1.60255047821,0.868453628807
Unknown,0.24676597792,0.415922351392,0.0279787273534,0.797283714575,0.25037112364,0.293543903959,0.185813153515,0.706732514363,0.287332042881,0.610025384457,0.905613957937,0.0151065527732,0.319484697681,0.0348148376018,0.317410211897,0.388303997783,0.845260351951,0.84036497526,0.489961971516,0.822268882328,0.798666173823,0.927392571773,0.649286943734,0.0460217403341,0.166330211201,0.18608779602,0.136057065978,0.0569516879408,0.745104540653,0.0397960979654,PG-13,"English, German, Turkish, Arabic","UK, Germany, France, USA",Jaume Collet-Serra,2011,"Action, Mystery, Thriller",113,"212,255",Liam Neeson, Diane Kruger,6267.0,0.209829264401,1.14137214137,0.858316196138
Vikramarkudu,0.208003660584,0.164661297583,0.170894776567,0.658266402397,0.238456349091,0.363533858544,0.311707846152,0.45276961326,0.439808428503,0.169455239558,0.856032676535,0.267425090492,0.72410687977,0.346510517101,0.201086641566,0.872829299748,0.564074847405,0.93603723958,0.750204740871,0.758657703079,0.553650749546,0.336120619198,0.736468314625,0.442853590975,0.369839383917,0.651508590439,0.781460903967,0.0175214865974,0.477174648131,0.0124233099525,N/A,Telugu,India,S.S. Rajamouli,2006,"Action, Comedy, Crime",140,"2,133",Ravi Teja, Anushka Shetty,9411.0,0.211454680693,1.31540565178,0.886964024992
Quarantine,0.314549115156,0.667408609941,0.044214066901,0.865037310909,0.373449093673,0.221433763585,0.3185798524,0.887150709071,0.20618845324,0.833517498817,0.980454130164,0.0263178791563,0.273246602217,0.0770892470459,0.24703834889,0.348648994011,0.82974995921,0.974844949194,0.321720381719,0.585887871236,0.851408244379,0.848324348733,0.483459617669,0.0380685241819,0.314851232734,0.167846889169,0.124665598853,0.0878549119275,0.803532446739,0.0405799147838,R,English,USA,John Erick Dowdle,2008,"Horror, Sci-Fi, Thriller",89,"58,029",Jennifer Carpenter, Steve Harris,8622.0,0.155880306193,1.33908948195,0.797639012586
Jason Bourne,0.551259169058,0.526863225266,0.0611968949775,0.535450914893,0.673603078746,0.544922926525,0.641475515134,0.792724444108,0.171380878441,0.771964625235,0.92709697929,0.02923197764,0.418980786775,0.0493226258666,0.158276454123,0.895696685112,0.796849887692,0.813093476498,0.706981743568,0.895416614796,0.777121222551,0.594281358091,0.935536021847,0.105474923562,0.200430761061,0.290355773865,0.22922670432,0.338035850049,0.496277782322,0.170168383872,PG-13,"English, German","UK, China, USA",Paul Greengrass,2016,"Action, Thriller",123,"78,018",Matt Damon, Tommy Lee Jones,4902.0,0.271929824561,1.26947179946,0.905150382689
Willy Wonka & the Chocolate Factory,0.508145049479,0.714470599134,0.173025597247,0.810508247611,0.309594146456,0.399417162095,0.180600575342,0.602400150112,0.254093149826,0.780936368477,0.949321045961,0.0405473596433,0.424024824639,0.0931000251292,0.634245908648,0.765116804003,0.536748427169,0.875315686736,0.673763017857,0.622903554113,0.793054516954,0.607094596107,0.927287596379,0.334475056907,0.721197766079,0.351885400035,0.100288888274,0.188061759355,0.363719397702,0.400432013695,G,"English, French, German",USA,Mel Stuart,1971,"Family, Fantasy, Musical",100,"132,049",Gene Wilder, Jack Albertson,9037.0,0.225849286268,1.42536534447,0.878171399091
Like Dandelion Dust,0.597787021443,0.876910756104,0.0256836118436,0.809682464796,0.572525278146,0.225274523996,0.277541200077,0.904724922861,0.142823210333,0.807413647124,0.994705748276,0.0129721406563,0.505042416932,0.07950942934,0.274189832043,0.799317620494,0.920073093432,0.99477883698,0.816413696526,0.685905588946,0.781801885381,0.891217954337,0.547639350762,0.00594091856263,0.324359764124,0.142300258297,0.0643726291816,0.156498526127,0.945426193442,0.0158250961479,PG-13,English,USA,Jon Gunn,2009,Drama,100,"2,330",Mira Sorvino, Barry Pepper,7683.0,0.169465052714,1.24261363636,0.893777252492
Damage,0.790622329799,0.86505410148,0.113893700864,0.405495645661,0.437763369411,0.307105516275,0.289118522809,0.665978868142,0.122165613524,0.806245102401,0.968184727365,0.142638784251,0.879940904475,0.210687049491,0.430847391242,0.986874734059,0.787260647684,0.952990244921,0.962361547388,0.731446472815,0.285406775841,0.674783671806,0.813452602688,0.10248760422,0.508871963801,0.263853259352,0.154053811537,0.353855576459,0.771746748503,0.15387439865,R,"English, French, German, Italian","UK, France",Louis Malle,1992,"Drama, Romance",111,"12,384",Jeremy Irons, Juliette Binoche,4884.0,0.247338247338,1.04065743945,0.905984360399
Hot Shots,0.290359885771,0.485006897014,0.0974643640541,0.810650934392,0.359641840734,0.477480803679,0.285439518968,0.600614933628,0.446541997808,0.525432848783,0.833121643471,0.0514318685008,0.40652653833,0.102080045599,0.446467205623,0.750788570046,0.799892992037,0.666799673746,0.509042783766,0.661120127007,0.779523766771,0.737356972949,0.87460492212,0.460136830313,0.586442953168,0.325175537521,0.255034514779,0.244660900224,0.667715130532,0.243645406756,APPROVED,English,USA,Jean Yarbrough,1956,Comedy,62,85,Huntz Hall, Stanley Clements,6143.0,0.281458570731,1.70850536746,0.856816414532
The Standoff,0.586546903032,0.790749737047,0.169171851072,0.436958672945,0.247946462844,0.127585021736,0.155978510459,0.556087553865,0.138327327684,0.812818650617,0.94091939141,0.0808527373356,0.549650047693,0.250701901854,0.515678242578,0.659474639575,0.608416038782,0.9519648207,0.715747464651,0.545197019384,0.646704074807,0.668144448902,0.617493988691,0.0259183922889,0.363813870874,0.272155478293,0.137170996964,0.199966681489,0.641476735545,0.236896510706,UNRATED,English,USA,Michael Thomas Dunn,1999,"Short, Action, Adventure",N/A,108,Joe Granato, Michael Thomas Dunn,10780.0,0.182282003711,1.26934849147,0.863376922532
Silent Partner,0.182953023103,0.194779510392,0.13510667968,0.744237249784,0.284163427368,0.40662777028,0.252282769614,0.497547404118,0.376756856453,0.15777837387,0.726093153067,0.0844702031598,0.249301920257,0.157534004912,0.302126038197,0.557120704794,0.676433138716,0.705749884608,0.29131371245,0.704277252761,0.714971906589,0.600250313757,0.903665853048,0.265827616729,0.288440925798,0.513691851904,0.638663320434,0.0414722712272,0.382885718759,0.123097186112,N/A,"English, Russian","Russia, USA",James D. Deck,2005,"Action, Crime",96,614,Tara Reid, Nick Moran,5809.0,0.24703046996,1.6345177665,0.899979560357
Will Penny,0.277310655464,0.570948604505,0.0393624447102,0.944749104588,0.321445901637,0.390495289821,0.198158363355,0.777313422353,0.293561224464,0.740559945,0.963881654175,0.0105697015579,0.265976759695,0.0283754734954,0.386926284817,0.410105436492,0.780598717611,0.86523018587,0.384138477314,0.75665997832,0.67464621263,0.814523512438,0.69297314427,0.0955146554359,0.339860579532,0.131289879538,0.0946642779225,0.0593916258805,0.751092847334,0.0213018706363,APPROVED,English,USA,Tom Gries,1967,"Romance, Western",108,"3,000",Charlton Heston, Joan Hackett,6413.0,0.218462498051,1.35276532138,0.879819612843
Jason X,0.0812132754625,0.213339490302,0.26781407261,0.75001435406,0.424567165585,0.852518605794,0.447274215944,0.4284782782,0.674960812856,0.20553062564,0.423148942333,0.204179500356,0.228612469814,0.181592910628,0.14371603332,0.494572255251,0.745635426788,0.335932958513,0.366642970456,0.778685244833,0.820732057088,0.600199648524,0.489136447252,0.644042502711,0.334234711863,0.427053861572,0.756706865871,0.26688559234,0.527239428406,0.0970442153097,R,English,"USA, Canada",James Isaac,2001,"Action, Horror, Sci-Fi",91,"39,350",Kane Hodder, Jeff Geddis,4551.0,0.308723357504,1.7989010989,0.827462716042
Zid,0.543488350056,0.659641173079,0.0771745616451,0.459529029756,0.356850696845,0.27507505927,0.282464857245,0.549915533098,0.276382923351,0.376438177473,0.931100018864,0.357029281232,0.945572263335,0.472980106672,0.304723374399,0.986027562915,0.940290510394,0.986438719377,0.974343197276,0.655241663042,0.384165389255,0.772411041447,0.588951812485,0.126353453522,0.471919956713,0.405195218308,0.474287278081,0.12673823088,0.881177582276,0.0469033106624,N/A,Hindi,India,Vivek Agnihotri,2014,"Crime, Thriller",126,705,Mannara, Karanvir Sharma,7159.0,0.177538762397,1.29563614014,0.892554038022
Insomnia,0.641684664433,0.730222451494,0.316429592762,0.445999374163,0.354619708259,0.170185220333,0.103888900372,0.413913609237,0.0414179408869,0.743076002192,0.988181634837,0.149590424372,0.790904185228,0.284179481398,0.492408706854,0.971352704179,0.261514297595,0.963535827191,0.856628738328,0.680068879577,0.213758399853,0.142546416517,0.880883369194,0.0775613197712,0.284493621281,0.489415749266,0.412122252214,0.0329562269379,0.207746333922,0.191044191443,R,English,"USA, Canada",Christopher Nolan,2002,"Drama, Mystery, Thriller",118,"222,030",Al Pacino, Martin Donovan,4096.0,0.25634765625,1.07520325203,0.89389389865
Only Lovers Left Alive,0.523584627454,0.900625297978,0.212801946029,0.654464465964,0.22377565738,0.0851925261706,0.116352206517,0.477053968083,0.204500110341,0.769569314307,0.947803851327,0.127424435316,0.709770992973,0.242520136728,0.53182353946,0.853669141213,0.625509245107,0.966609843554,0.694873691897,0.29384143331,0.754321747439,0.643640277376,0.902862124566,0.283110381059,0.857985220218,0.391315285596,0.106781828268,0.311783523374,0.575820722669,0.501775846858,R,"English, French, Arabic, Turkish","Germany, UK, France, Greece, USA, Cyprus",Jim Jarmusch,2013,"Comedy, Drama, Horror",123,"62,363",Tilda Swinton, Tom Hiddleston,5310.0,0.25329566855,1.49525616698,0.874552671326
United 93,0.633485413136,0.687327183536,0.0118653701133,0.911278123972,0.726037802517,0.646313232195,0.582421167004,0.960257522229,0.0939378952769,0.945041146131,0.961504358485,0.00329412442904,0.155422006905,0.00446435941006,0.123703609276,0.449404848954,0.908899689333,0.723584577781,0.345609323968,0.880657878562,0.847520408856,0.771826751191,0.873724701759,0.0215121913441,0.211301009461,0.0864447615768,0.0854990564579,0.340615891664,0.707394424308,0.146116554975,R,"English, Arabic, German","USA, UK, France",Paul Greengrass,2006,"Drama, History, Thriller",111,"84,359",J.J. Johnson, Gary Commock,11822.0,0.145660632719,1.50119617225,0.885238804723
Norway,0.182758951478,0.36392997548,0.0673944163718,0.718381029909,0.205515074189,0.319297683102,0.16040356501,0.451725580357,0.65186215377,0.258815333924,0.844363377953,0.118294116335,0.612627309705,0.103968570709,0.6748323444,0.758201685611,0.826744313747,0.823435856924,0.698535594815,0.658235923399,0.755311151566,0.920508507549,0.869303533821,0.564817264888,0.70823897461,0.382330450715,0.265153507936,0.131251730985,0.734105816574,0.267259212645,N/A,Greek,Greece,Yannis Veslemes,2014,"Comedy, Drama, Fantasy",73,302,Daniel Bolda, Yannis Bostantzoglou,2636.0,0.312974203338,1.3488372093,0.91572516541
Vikingdom,0.456817275043,0.479254782304,0.270494738663,0.598777688237,0.425595496223,0.359175574485,0.421093422444,0.428976670935,0.346106373068,0.506670530043,0.852346503144,0.167129165118,0.801802314638,0.246941878385,0.271042457062,0.986429987003,0.524571279814,0.938390064587,0.887105860291,0.642899262694,0.530932690594,0.217903188529,0.98896610652,0.698740652176,0.911424509151,0.639269686784,0.23164457487,0.245395275781,0.425888405097,0.169317124562,N/A,"English, Mandarin","Malaysia, USA",Yusry Abd Halim,2013,"Action, Adventure, Fantasy",114,"2,735",Dominic Purcell, Natassia Malthe,5923.0,0.240081040014,1.38683127572,0.914212981732
Private Detective: Two Plus Two Plus One,0.501968408899,0.382682493634,0.272429740475,0.391912288813,0.18510639774,0.278538056454,0.0753746180608,0.258252033215,0.204097408537,0.355023894331,0.94363288496,0.236793785052,0.812273639864,0.307318492598,0.427635622463,0.951306234877,0.318239897355,0.956933134323,0.902418156752,0.720121235895,0.298375287155,0.173794555411,0.843782655436,0.335875057453,0.262196055159,0.611472396974,0.439880304655,0.0099198062429,0.310919386032,0.0331965630366,N/A,Hindi,India,Rajat Kapoor,1997,Mystery,130,43,Shambhavi Kaul, Keneth Desai,6972.0,0.220596672404,0.951428571429,0.900826412963
Fletch Lives,0.442009698023,0.630627366836,0.0616710653412,0.781614557006,0.512365136197,0.509607852695,0.300868611426,0.721557512668,0.255817346853,0.71305192959,0.942052918979,0.0470701295597,0.646253710149,0.073124620319,0.464107383027,0.933674405633,0.851826786901,0.732847545565,0.786750504833,0.731968551729,0.667822474337,0.700086906607,0.922520470686,0.304052584146,0.672365880066,0.17406054882,0.209654392531,0.202702074999,0.73185557494,0.21036632072,PG,English,USA,Michael Ritchie,1989,"Comedy, Mystery, Crime",95,"15,468",Chevy Chase, Hal Holbrook,9988.0,0.238285943132,1.56002009041,0.898413748057
Kung Fu Panda,0.49123754772,0.784566589912,0.401416008664,0.664756182833,0.329428474736,0.180597521538,0.100837441154,0.538513611548,0.220994484833,0.823787697883,0.940578777533,0.0577938343713,0.416740170961,0.159770913262,0.215216430682,0.821316693818,0.240603237917,0.961961195523,0.646030165721,0.376516010085,0.912714411608,0.108246537632,0.955345476129,0.523019443213,0.744535479302,0.415856381449,0.0819792328019,0.216291811855,0.43097608964,0.407647842562,PG,English,USA,"Mark Osborne, John Stevenson",2008,"Animation, Action, Adventure",92,"311,115",Jack Black, Dustin Hoffman,5473.0,0.23698154577,1.25833979829,0.875157594994
Vigilante Diaries,0.0429234373623,0.151664612985,0.0401469923806,0.872621548009,0.155076586364,0.271342854798,0.156348524508,0.57805573473,0.58959810819,0.227259692391,0.534414090019,0.0275975194168,0.150597835333,0.0410121537068,0.466549243427,0.215146837074,0.857024652435,0.406475753837,0.173347888843,0.788598329854,0.872657568787,0.93869982983,0.737905415202,0.334427353653,0.401972973121,0.160093281714,0.256104262556,0.0711731911757,0.82307284825,0.200887083775,R,"English, French",USA,Christian Sesma,2016,Action,107,"2,322",Jason Mewes, Quinton 'Rampage' Jackson,7423.0,0.212313080965,1.35053492763,0.87964722478
Eat the Rich,0.178030974835,0.388063747717,0.0837129127931,0.650406460769,0.170408882189,0.184808285247,0.148407156716,0.359802595784,0.40905429973,0.367234915072,0.785128421284,0.0908411893111,0.443624764231,0.12150788974,0.597660086547,0.786405146403,0.763837805743,0.736251717217,0.525773333617,0.601502132792,0.766349607522,0.832579272223,0.888915215948,0.355358745432,0.633148190749,0.383680883033,0.377477522468,0.17386519031,0.596563002562,0.398559648423,R,English,UK,Peter Richardson,1987,"Action, Comedy, Crime",90,"1,022",Kevin Allen, Ronald Allen,5984.0,0.255347593583,1.61512027491,0.894932796235
Universal Soldier: Day of Reckoning,0.433520138244,0.634048638502,0.0849791688118,0.69432305434,0.341782830111,0.248418740479,0.271703163761,0.591880251219,0.251713308093,0.655185550825,0.958710413976,0.0674272962672,0.817653643609,0.178484977747,0.265750361914,0.927070566649,0.793385984702,0.974709985769,0.889803968128,0.733741570846,0.701166975148,0.736535997517,0.794345911194,0.152341535497,0.539726127682,0.365863766332,0.150702388837,0.122780391223,0.736137877596,0.0577364169057,R,English,USA,John Hyams,2012,"Action, Horror, Mystery",114,"16,292",Jean-Claude Van Damme, Dolph Lundgren,2954.0,0.297224102911,1.17215568862,0.893851110433
Jaws: The Revenge,0.427381504425,0.61619567209,0.0307739080281,0.883606227199,0.415043810507,0.412237495814,0.278730610241,0.810451973962,0.421322819234,0.724527355813,0.926472562909,0.0223882028846,0.455823596475,0.0384862591367,0.497014483573,0.667609594558,0.935012355699,0.904674775675,0.696787746036,0.75972281481,0.787138704991,0.950724789963,0.665408562925,0.106819529243,0.375321820657,0.116941276628,0.0940336009779,0.161170477099,0.872870023584,0.0708619041362,PG-13,English,USA,Joseph Sargent,1987,"Adventure, Horror, Thriller",89,"31,253",Lorraine Gary, Lance Guest,6297.0,0.235826584088,1.41391941392,0.848495795025
Jaws,0.247452269986,0.353229418222,0.0369721823359,0.888429946068,0.485062782056,0.526009581307,0.376638731625,0.757583742926,0.439668058655,0.657716400853,0.841967465533,0.0164069381148,0.318878224406,0.0321637596893,0.584301612549,0.573939610914,0.8397427763,0.683427201081,0.438036889559,0.801871399094,0.910477360057,0.853694905994,0.932321924843,0.317212282031,0.41412030702,0.204436207278,0.168400220032,0.147110465891,0.510205200148,0.251837584207,PG,English,USA,Steven Spielberg,1975,"Adventure, Drama, Thriller",124,"417,370",Roy Scheider, Robert Shaw,8189.0,0.232018561485,1.49262899263,0.893548120063
Hotel Chevalier,0.0915933372585,0.252719445538,0.376005091034,0.652255260413,0.23522849261,0.752585847751,0.273638062312,0.382392945885,0.799683974038,0.148026701373,0.447457463302,0.386187931716,0.52224623819,0.481087831621,0.481632630272,0.0779603111272,0.630666267339,0.665043373224,0.334009194799,0.759195631268,0.381206904443,0.823136999762,0.148668987268,0.199321194398,0.154148485712,0.466433671423,0.819833620125,0.227003590636,0.746269233261,0.167321897314,R,"English, French","USA, France",Wes Anderson,2007,"Short, Drama, Romance",13,"23,592",Jason Schwartzman, Natalie Portman,289.0,0.615916955017,1.50877192982,0.870471070181
Inside the Living Body,0.380181831887,0.683573611604,0.898707939091,0.582650730261,0.462189406333,0.704748444244,0.561287108055,0.148004425422,0.38351019038,0.839358555385,0.64129462738,0.463748689187,0.865144938345,0.536142968908,0.269776988656,0.962846520399,0.048031414292,0.57176225868,0.950138167882,0.680494592395,0.775979788591,0.00464397177113,0.995779183378,0.985810195664,0.982869615564,0.917632415357,0.188430715953,0.485337996704,0.00661630956248,0.997126434635,N/A,English,UK,Martin Williams,2007,Documentary,90,164,Howard Ward, Ellie-Jo Brooks,6585.0,0.270918754746,1.52627189324,0.919565056505
Insidious: Chapter 2,0.604066532643,0.786498257211,0.116613493256,0.561332325544,0.333268252851,0.158829529457,0.171423437124,0.64659545649,0.144119414571,0.69193521924,0.983792108982,0.1055332143,0.798774041697,0.243003952329,0.324992576655,0.93320242558,0.741472767272,0.994077686618,0.918815160737,0.56436465797,0.619083830628,0.646889677578,0.648434426397,0.082065871012,0.473222224135,0.33063076098,0.160427984724,0.0925258332813,0.750955875936,0.0463766342001,PG-13,English,"USA, Canada",James Wan,2013,"Fantasy, Horror, Thriller",106,"111,459",Patrick Wilson, Rose Byrne,4956.0,0.215496368039,1.19652173913,0.875195509016
Jawbreaker,0.45758521739,0.776427913274,0.16935276705,0.577263967582,0.264212068531,0.15158193861,0.0897964029355,0.547939537846,0.147525926906,0.712391142697,0.928107536625,0.231302000217,0.784702977661,0.367799001911,0.528384621176,0.934167421977,0.619830994207,0.951570355844,0.836210822507,0.531660341867,0.460764318594,0.558760080542,0.858515410539,0.119466021463,0.788471277065,0.286934264224,0.298607634303,0.078140476622,0.659472635266,0.458450708563,R,English,USA,Darren Stein,1999,"Comedy, Crime, Thriller",87,"18,964",Rose McGowan, Rebecca Gayheart,6606.0,0.226914925825,1.46367521368,0.870053965472
16 Wishes,0.440193713109,0.677334846337,0.0549486982069,0.672231637871,0.282819909081,0.230544230785,0.255487923786,0.743583655566,0.424231865698,0.536742617026,0.948458362151,0.080738393749,0.710861354817,0.182503273756,0.412983955764,0.617345162254,0.886690677959,0.954770592292,0.781677084224,0.653904113198,0.811915113873,0.949413925093,0.574804655249,0.120642577069,0.598629213415,0.207536063006,0.164038032044,0.143953695165,0.914323394877,0.0864077860712,G,English,"Canada, USA",Peter DeLuise,2010,"Drama, Family, Fantasy",90,"8,018",Debby Ryan, Jean-Luc Bilodeau,9106.0,0.166922907973,1.27116066903,0.874968377719
The SpongeBob Movie: Sponge Out of Water,0.554964268655,0.864996652458,0.199580098265,0.926337685338,0.37762968179,0.386323295951,0.089365611932,0.797225383151,0.245544124446,0.950559148962,0.964521535299,0.0130600631933,0.328626278815,0.0446281304355,0.284270086947,0.598346324278,0.573700667966,0.86705001322,0.714336479657,0.55908697568,0.946399775838,0.488455423099,0.735667574249,0.188989438661,0.67967458186,0.0721123306161,0.0119286295259,0.291730330861,0.746668481277,0.437491150728,PG,English,USA,"Paul Tibbitt, Mike Mitchell",2015,"Animation, Adventure, Comedy",92,"35,174",Antonio Banderas, Eric Bauza,6902.0,0.22949869603,1.63855421687,0.850308150203
Not Another Teen Movie,0.298343479775,0.461953160543,0.0367371813364,0.715075749771,0.29346219173,0.439127082365,0.250694158656,0.679310068327,0.466663207843,0.393908507349,0.769648037874,0.0879836015854,0.479833588766,0.146418679853,0.627870185683,0.625236622909,0.929266770348,0.67164367827,0.678553321394,0.818798880953,0.656048801665,0.957094017516,0.65003993734,0.128596704415,0.429667073497,0.163775240232,0.342095752123,0.143130242023,0.839832476962,0.156036199943,R,English,USA,Joel Gallen,2001,Comedy,89,"81,234",Chyler Leigh, Chris Evans,5911.0,0.268990018609,1.46166263115,0.879637078398
Corner Gas: The Movie,0.369772574159,0.722456035082,0.0573862369133,0.74403679341,0.393363851359,0.272316531688,0.271364669334,0.681772276387,0.208936635811,0.7192005658,0.934558368134,0.0235627001268,0.257469334726,0.0736231301603,0.525582757164,0.649028092525,0.793519268178,0.795055046764,0.510337730961,0.648473782524,0.870264464838,0.863289022663,0.817439843326,0.0655279195045,0.446717899719,0.187179172678,0.12043650726,0.232750217151,0.626380016711,0.287356913207,N/A,English,Canada,David Storey,2014,Comedy,90,"1,269",Brent Butt, Gabrielle Miller,11895.0,0.199327448508,1.42454328832,0.869443899501
Videodrome,0.385654354119,0.627225339215,0.307938340183,0.642190291861,0.361730536542,0.29870115233,0.219296821726,0.512902107568,0.254328483969,0.69114864736,0.92491227786,0.104158275952,0.609308138399,0.197152670505,0.368990040196,0.756212775823,0.43096318925,0.8990317746,0.664363008373,0.658162440473,0.920724687802,0.266110267864,0.948899000359,0.537670051515,0.662491561589,0.43247994322,0.1624043876,0.153237458082,0.343097272882,0.497559278713,R,English,Canada,David Cronenberg,1983,"Horror, Mystery, Sci-Fi",87,"61,836",James Woods, Sonja Smits,5445.0,0.247566574839,1.36772486772,0.89676760256
Easy Virtue,0.548925077969,0.71294676141,0.304466893778,0.586791098195,0.424791652559,0.317905435426,0.21327350093,0.435242812909,0.208812905942,0.720449166451,0.922070262148,0.282520034753,0.834963477299,0.319560507528,0.543044056128,0.980920704249,0.493226321864,0.876967636804,0.888357333414,0.535400848067,0.348131834645,0.297482446954,0.932613914334,0.465085340902,0.796597072398,0.513420116758,0.438518024279,0.230808594048,0.373349054051,0.442356681286,PG-13,"English, French","UK, Canada",Stephan Elliott,2008,"Comedy, Romance",97,"16,527",Jessica Biel, Ben Barnes,8960.0,0.270982142857,1.54849498328,0.906228694814
Eating Out: All You Can Eat,0.149812657953,0.37330862685,0.101385747737,0.457007784825,0.150701847434,0.151263429881,0.120377808324,0.322036423097,0.399057322524,0.252609232344,0.625779843512,0.186652978349,0.588204139417,0.343148563193,0.770670450483,0.613862506256,0.777320404774,0.813466026707,0.635609705568,0.737674420368,0.596374234928,0.894554944876,0.649635863506,0.0921098333444,0.378718032963,0.461149104012,0.41780051635,0.0871192968589,0.69228253123,0.311379793021,NOT RATED,"English, Vietnamese",USA,Glenn Gaylord,2009,"Comedy, Drama, Romance",80,"2,429",Rebekah Kochan, Daniel Skelton,7794.0,0.218373107519,1.26481042654,0.872913864984
Like Crazy,0.726643360667,0.933389007207,0.137742768595,0.433129986792,0.407011634264,0.121543973388,0.320805590052,0.631875925345,0.124829310535,0.826031300851,0.973274882739,0.14577451348,0.795166939401,0.342825706618,0.406260204424,0.933680250051,0.744291301065,0.987235228424,0.907458829434,0.447537658916,0.676962454911,0.699508865799,0.756993982953,0.0779631398067,0.704407280594,0.371649792107,0.107598981802,0.396340931519,0.777793108878,0.310144816522,PG-13,English,USA,Drake Doremus,2011,"Drama, Romance",86,"47,454",Anton Yelchin, Felicity Jones,6706.0,0.19967193558,1.25570469799,0.874284457048
Eating Out 2: Sloppy Seconds,0.0114479140696,0.0554673002588,0.802358627024,0.488883129752,0.249674660544,0.915994480211,0.306826835933,0.0252851753557,0.902084741434,0.0333724262733,0.0310978951787,0.944603944244,0.6626333299,0.845695922952,0.310933806499,0.740699963384,0.303845318879,0.0564594696884,0.543008948711,0.70571979548,0.324123922331,0.293034767237,0.245516882414,0.950508661389,0.660988458324,0.881951178148,0.995428031705,0.149722616792,0.332949943327,0.403870044604,NOT RATED,English,USA,Phillip J. Bartell,2006,"Comedy, Romance",79,"3,090",Jim Verraros, Emily Brooke Hands,6038.0,0.441040079497,1.98536585366,0.828102355418
Video Games: The Movie,0.486935744623,0.693464439434,0.855078693594,0.249966407343,0.217450977097,0.115489517182,0.3049041729,0.0800101827659,0.142238847535,0.820242426538,0.464245439468,0.255299253589,0.399847160102,0.390720512875,0.589894451347,0.784345794991,0.0968367490879,0.509165134629,0.528470929371,0.487826093514,0.727779411221,0.0982948199205,0.996816016323,0.793650795169,0.863654854258,0.813270555069,0.0477966928317,0.73028165394,0.0349098825211,0.995841991853,N/A,English,USA,Jeremy Snead,2014,"Documentary, Animation, History",101,"4,516",Sean Astin, Al Alcorn,14074.0,0.178414096916,1.22675026123,0.900568199903
Angels Fall,0.490922040724,0.719917949247,0.110472789718,0.628558507077,0.275275644289,0.198146365139,0.107367417016,0.522494493596,0.155663453062,0.66909435297,0.96600081828,0.0647738438355,0.629620327167,0.155156521043,0.623119296638,0.846274918777,0.658672329106,0.940516727798,0.785719384609,0.649218008287,0.578689292233,0.640430480351,0.787750515637,0.0641194038778,0.378752696011,0.279259918378,0.177593054017,0.0779213071944,0.553818632355,0.17267593299,TV-14,English,USA,Ralph Hemecker,2007,"Drama, Romance, Thriller",90,"1,456",Heather Locklear, Johnathon Schaech,8167.0,0.202644790009,1.17530732229,0.900069425354
Rigor Mortis,0.560726039786,0.71695717363,0.139677284305,0.805751623679,0.432322216273,0.328305538024,0.264541395597,0.740368383599,0.149485281202,0.876209606813,0.973683024802,0.0597475922464,0.60536276266,0.106619035949,0.526759573567,0.878940323391,0.564716239252,0.968843976961,0.751427314971,0.735699341756,0.568960854505,0.430328511624,0.824341132624,0.15212995132,0.545157546696,0.35876158985,0.0921195724942,0.144309558745,0.501602485574,0.180390819739,N/A,Cantonese,Hong Kong,Juno Mak,2013,"Action, Horror",103,"4,028",Anthony Chan, Siu-Ho Chin,3411.0,0.286426267957,1.1593625498,0.906091428454
Wind Chill,0.509416315457,0.77201175437,0.0425276518674,0.742652783768,0.419002052014,0.326325243178,0.318012712321,0.81959757964,0.238979986466,0.879997161815,0.967909081739,0.0227735340571,0.400574831661,0.0711029753975,0.315540228904,0.529201774605,0.876791485399,0.951937875197,0.576696439065,0.647182580858,0.821261400815,0.897680226885,0.605725808096,0.023705348189,0.30876452389,0.152895421208,0.0632714939514,0.243502753991,0.768760039699,0.0920082304899,R,English,"USA, UK",Gregory Jacobs,2007,"Drama, Horror, Thriller",91,"17,771",Emily Blunt, Ashton Holmes,4968.0,0.229066022544,1.08743633277,0.875299163805
Ring the Bell,0.222243269747,0.369525273239,0.723124990032,0.295161038703,0.172308072445,0.320315838967,0.0937787241193,0.0489975190866,0.461006095986,0.212433645005,0.605420687965,0.747601498949,0.758081333766,0.729848208528,0.470461773188,0.908383478632,0.182521829388,0.852984580105,0.811131594375,0.365468947034,0.474499794919,0.149556254071,0.604637444943,0.827255528041,0.619541149731,0.888947906663,0.868262615414,0.0817861589638,0.237461949305,0.414767409467,PG,English,USA,Thomas Weber,2013,Drama,97,326,Ryan Scharoun, Ashley Nicole Anderson,5633.0,0.242322030889,1.13383665065,0.879744062757
Universal Soldier Regeneration: Behind the Lines,0.539621048787,0.58886897879,0.221018659664,0.643194783258,0.611837300851,0.63842458863,0.584399308348,0.700714659281,0.240537573307,0.765020613813,0.916297506968,0.0591973959902,0.473589581652,0.0871492120891,0.169048235036,0.872793880972,0.597115984248,0.761086952086,0.742104968367,0.860713847131,0.790149345492,0.22166638386,0.983890112778,0.262311507416,0.550429963438,0.324402569866,0.164416525148,0.357241545137,0.285565949814,0.397281955725,N/A,English,USA,N/A,2010,"Documentary, Short",18,11,Andrei Arlovski, Aki Avni,4007.0,0.296980284502,1.23180291153,0.909122904928
Megamind: The Button of Doom,0.316334030653,0.623777706133,0.50828175085,0.779886691856,0.189991503425,0.166422214245,0.0736445222147,0.392779619217,0.192796407985,0.677462595297,0.847843805892,0.0802090518446,0.111395066822,0.174377311203,0.223201584254,0.535720567659,0.102242045442,0.870586109381,0.172647274515,0.266055628351,0.839440919576,0.160232071819,0.910123688761,0.599485944306,0.691754901365,0.580877674252,0.27156238528,0.149489199809,0.149081819058,0.443442938475,N/A,English,USA,Simon J. Smith,2011,"Animation, Short, Comedy",16,"1,439",Will Ferrell, David Cross,1150.0,0.471304347826,1.64347826087,0.83681451789
Hot Lead and Cold Feet,0.353339123798,0.64599727565,0.0553090105161,0.897431245223,0.385979372132,0.330135219322,0.230343723571,0.73183199703,0.300902296966,0.710926548838,0.939938309853,0.0347312666025,0.519542009064,0.0508891136251,0.326111242757,0.790143172836,0.858152447963,0.843895007234,0.653776553493,0.652324206633,0.71187562041,0.796615762952,0.752786198813,0.238627248485,0.53466759494,0.147127543047,0.185571278421,0.197762176991,0.828224196368,0.052519813991,G,English,USA,Robert Butler,1978,"Family, Western, Action",90,867,Jim Dale, Karen Valentine,7949.0,0.218769656561,1.50632149308,0.879771388877
Megamind,0.533235198059,0.750973807596,0.190301798829,0.616231278426,0.317308007771,0.296308348827,0.205237499236,0.485832046443,0.309943686826,0.632620050255,0.916430147799,0.0724546120329,0.540610990085,0.147862851223,0.304011942881,0.880920244273,0.643884462293,0.887072148591,0.749866794436,0.553595036861,0.819697458936,0.596275010561,0.89305853234,0.411122530565,0.618498275973,0.299306157057,0.118748477724,0.339591601027,0.612502514657,0.32715946499,PG,English,USA,Tom McGrath,2010,"Animation, Action, Comedy",95,"175,190",Will Ferrell, Brad Pitt,8173.0,0.221827970146,1.36095346198,0.875448311189
13B: Fear Has a New Address,0.444071436888,0.531417003152,0.319310068413,0.609299286796,0.412716817349,0.370303231797,0.356669762281,0.584793088576,0.238811997325,0.565514851746,0.920283749948,0.355154871289,0.679933611409,0.405343581423,0.166388041495,0.879461972264,0.612042779762,0.965987557159,0.769726631432,0.664862770959,0.27688986138,0.415470386837,0.707024030884,0.238851185026,0.36439534346,0.569176832427,0.587910066655,0.135571683963,0.411065317237,0.0965774241664,NOT RATED,Hindi,India,Vikram K. Kumar,2009,"Drama, Horror, Mystery",146,"2,983",Madhavan, Neetu Chandra,11929.0,0.145863022885,1.35397279885,0.904281462366
Quantum Apocalypse,0.568998382105,0.615127958521,0.067045367607,0.840346026922,0.655023140781,0.759718519992,0.474254984506,0.860241209769,0.272197392272,0.862687926568,0.933418338507,0.0125758651143,0.206090050675,0.0216708196249,0.196502629061,0.470569662647,0.746948179257,0.731638781706,0.564234016206,0.897285949105,0.83612521854,0.694434122757,0.907714906665,0.115912705706,0.218913272368,0.144668913987,0.0732635654429,0.314410680889,0.496522444898,0.177116032334,UNRATED,English,"USA, Germany",Justin Jones,2010,Sci-Fi,95,"1,539",Rhett Giles, Stephany Jacobsen,6179.0,0.2655769542,1.41623616236,0.907631366583
Private Benjamin,0.56515938123,0.586522586403,0.0597999648085,0.659616271033,0.573747381526,0.605809030878,0.486991231648,0.80586761334,0.317341594998,0.637519727728,0.893676198077,0.101412627094,0.652251568909,0.143649750055,0.336679139379,0.845680927086,0.894024842006,0.732197896356,0.832005722279,0.852525196113,0.600680480973,0.719461722132,0.87687781824,0.193276758623,0.521953985508,0.196333991938,0.287750195465,0.324257897981,0.780685250544,0.131643416991,R,English,USA,Howard Zieff,1980,"Comedy, War",109,"18,403",Goldie Hawn, Eileen Brennan,7407.0,0.256244093425,1.42975734355,0.901635530249
Ghost Bride,0.612990079461,0.828841590427,0.0526483493899,0.995755938059,0.542518795572,0.582524536422,0.781274793904,0.868617493795,0.864541833538,0.575421513179,0.92912593165,0.160002013898,0.996100415127,0.184595055412,0.0658862368489,0.973347810258,0.947825355222,0.945293311967,0.969038749314,0.54848915163,0.759746891641,0.8024055523,0.829515012747,0.83803920634,0.999759170931,0.338438434948,0.0492380927307,0.575811769635,0.995723228907,0.34059539684,N/A,"English, Chinese",New Zealand,David Blyth,2013,"Fantasy, Thriller",83,133,Yoson An, Rebekah Palmer,100.0,0.5,0.833333333333,0.877485323088
Open Grave,0.229204483492,0.358230583814,0.100086851662,0.529302735017,0.255084808108,0.166885094001,0.276424964029,0.534002568179,0.39181681024,0.337364025397,0.918402535424,0.149673609871,0.662824583299,0.344861665398,0.321250992039,0.778891668408,0.789254447627,0.99572423841,0.731982161532,0.619264534673,0.79498952914,0.866215869655,0.524236607949,0.123294899503,0.286785819437,0.57879215132,0.411404721851,0.0311434082734,0.755774502186,0.0140797504644,R,English,"USA, Hungary",Gonzalo López-Gallego,2013,"Horror, Mystery, Thriller",102,"21,940",Sharlto Copley, Thomas Kretschmann,4443.0,0.190186810713,1.16885553471,0.847931171017
Ghost in the Shell Arise: Border 2 - Ghost Whisper,0.259837918118,0.169740473012,0.369468285147,0.489969214977,0.388355877296,0.73898707261,0.41991207867,0.32898652011,0.357051305162,0.443628384979,0.488478554506,0.127414913694,0.158557598749,0.145233071432,0.154545990944,0.84176418787,0.355121620491,0.319114327247,0.460019050938,0.881251921272,0.754479527164,0.117987091257,0.994483571304,0.560506955068,0.308515790041,0.667514878028,0.462258666451,0.243977932274,0.055715499395,0.547584424287,N/A,Japanese,Japan,"Atsushi Takeuchi, Kazuchika Kise",2013,"Animation, Action, Sci-Fi",57,"1,365",Maaya Sakamoto, Ikkyu Juku,3813.0,0.335955940205,1.43109987358,0.940129020882
Northwest Passage,0.400035315016,0.547300182455,0.0855306718317,0.852564005313,0.611793788638,0.446953612934,0.441888956112,0.750676296674,0.151603859829,0.921002300605,0.970485907214,0.0203369920726,0.457577253446,0.0384811283148,0.404605263062,0.856261448249,0.587003834196,0.769131436073,0.508093733427,0.778641340657,0.776605716027,0.457783959989,0.942166282055,0.142637546301,0.554572931181,0.279347799944,0.164945021344,0.16899835765,0.44321459759,0.27023202965,PASSED,English,USA,"King Vidor, Jack Conway, W.S. Van Dyke",1940,"Adventure, Drama, History",126,"2,502",Spencer Tracy, Robert Young,10827.0,0.20079431052,1.34651762683,0.889683180296
Silent Night,0.389272192778,0.506502963468,0.070449158822,0.757286455244,0.278581195647,0.259609578892,0.13778601099,0.574697485413,0.275394746642,0.489732843233,0.839172122627,0.137662839038,0.495753642547,0.169047747982,0.63179966662,0.721293381109,0.819900456685,0.888890331931,0.65493542851,0.57566008931,0.358512010238,0.8792463532,0.707380124084,0.191903341475,0.46694701161,0.319969527382,0.326015816729,0.0805258085483,0.627287789295,0.148821787639,R,English,"Canada, USA",Steven C. Miller,2012,"Comedy, Horror, Mystery",94,"5,607",Malcolm McDowell, Jaime King,5766.0,0.26482830385,1.68320278503,0.904968929894
Signs,0.496054037954,0.589291707131,0.35302234061,0.490793291431,0.208738489252,0.192802409741,0.138268969929,0.314771415134,0.0916389965538,0.836723937226,0.872665380012,0.15892461537,0.626199909627,0.212758862733,0.565216252785,0.868356922637,0.300135167716,0.825410252457,0.751914893178,0.672025069962,0.417113012147,0.285326900017,0.896113974024,0.213471027006,0.5692388946,0.545195572103,0.259516603743,0.117298593483,0.14484321872,0.521206006526,PG-13,"English, Portuguese",USA,M. Night Shyamalan,2002,"Drama, Mystery, Sci-Fi",106,"273,481",Mel Gibson, Joaquin Phoenix,5847.0,0.252266119377,1.16728349371,0.858298003492
Zipper,0.517399094386,0.744394690242,0.0756185833268,0.5399792208,0.616253772428,0.36979096928,0.343209508682,0.758051471866,0.105437681785,0.801752023789,0.983744874819,0.035516714306,0.53832591379,0.108684451189,0.364747093913,0.803423352386,0.699153229476,0.877532598,0.74923838743,0.835821894988,0.765719597589,0.577714247453,0.880918812411,0.0299651729566,0.324937233857,0.207923622535,0.136892011914,0.158156304979,0.586938829401,0.209391451079,R,English,USA,Mora Stephens,2015,"Drama, Thriller",103,"4,306",Patrick Wilson, Lena Headey,8185.0,0.216004886988,1.16425896201,0.909369867986
Only the Valiant,0.580291455033,0.656940493694,0.114196830551,0.79393307931,0.555939136816,0.481960175741,0.274380426433,0.702016924487,0.174933664571,0.790729677387,0.96711240047,0.022179873324,0.54458605192,0.0480384941658,0.342106425827,0.858273830079,0.668834495206,0.90491546561,0.696990992926,0.740688212848,0.636453784259,0.479556199773,0.938133686107,0.127577145147,0.367380549158,0.294680069111,0.125881990578,0.20311174162,0.572238616146,0.134315607604,APPROVED,English,USA,Gordon Douglas,1951,"Adventure, Western",105,866,Gregory Peck, Barbara Payton,8062.0,0.191391714215,1.3134502924,0.901149697021
Eaters,0.283531988594,0.358705659211,0.362015407695,0.537034696275,0.212262390284,0.249202391169,0.135531789944,0.24677434077,0.319154686433,0.373515857202,0.859081266569,0.137881920258,0.54029903517,0.19232672795,0.573621858888,0.830216000659,0.281192400048,0.92831158185,0.726381003684,0.697872922322,0.526772598956,0.275806524942,0.970838880002,0.523047162242,0.529641180997,0.679457915917,0.239668040293,0.0724461338486,0.1827261938,0.326668849178,N/A,Italian,Italy,"Luca Boni, Marco Ristori",2011,Horror,94,"1,236",Alex Lucchesi, Guglielmo Favilla,5679.0,0.247754886424,1.09788566954,0.905712910823
Lilo & Stitch 2: Stitch Has a Glitch,0.475143512438,0.910163429332,0.191737827334,0.765189612399,0.336312003068,0.0994431825678,0.127476469367,0.604282053993,0.146001756162,0.830519802542,0.981931339645,0.0924875194253,0.723304837302,0.305009633052,0.247407432411,0.844707204462,0.60807180631,0.986800592182,0.79814368137,0.388598147329,0.883093719395,0.500209049247,0.717472844516,0.190937241077,0.831973482367,0.282241201658,0.0970804343201,0.203581997425,0.715123595602,0.279787260824,PG,"English, French, Spanish",USA,"Michael LaBash, Anthony Leondis",2005,"Animation, Comedy, Drama",68,"7,417",Chris Sanders, Dakota Fanning,4659.0,0.265507619661,1.51482213439,0.832201849615
Silent Hill: Revelation 3D,0.601812824224,0.719774587283,0.151124815682,0.543899848158,0.357269969105,0.140311659013,0.184735673891,0.615287868825,0.156579843738,0.60642309831,0.994687118098,0.0982373793607,0.847472170388,0.322136071751,0.217063162722,0.950512806909,0.55135544943,0.998373098549,0.922855477416,0.549509965805,0.730868698239,0.421684262146,0.875220303564,0.200993280849,0.651306877047,0.520836148353,0.170298322312,0.0233965703567,0.644320097585,0.0235148018484,R,English,"France, Canada",Michael J. Bassett,2012,"Adventure, Drama, Horror",95,"50,445",Adelaide Clemens, Kit Harington,4132.0,0.228218780252,0.993230174081,0.901416087046
Cotton Comes to Harlem,0.178009272824,0.392439614447,0.0161548215841,0.927075627891,0.428118158246,0.366929930995,0.342882717197,0.786322441401,0.313751011409,0.654022534432,0.927684815149,0.0192074997293,0.546503094724,0.0313483239956,0.275279059457,0.864426340002,0.889778898223,0.680039900995,0.586670290317,0.771843103735,0.902411472173,0.800203561388,0.926789654074,0.348546935943,0.772561762838,0.159040291785,0.232990096379,0.076346378942,0.825805353611,0.118798672975,R,English,USA,Ossie Davis,1970,"Action, Comedy",97,"1,209",Godfrey Cambridge, Raymond St. Jacques,7915.0,0.203032217309,1.45584577114,0.89935729144
Hot Rod,0.35915470005,0.711666696496,0.0545934508428,0.786091363502,0.226569753126,0.104730012193,0.156149184187,0.640968568765,0.25079856232,0.659447061231,0.864435773918,0.0342767160853,0.298610086882,0.111751625248,0.516375522903,0.622896466375,0.879760884142,0.936621029739,0.483034196839,0.461808757238,0.66533220906,0.922877482271,0.546302293525,0.0629368272673,0.408324093723,0.190069843295,0.147104822765,0.21635912318,0.861917022577,0.18169307795,PG-13,English,USA,Akiva Schaffer,2007,Comedy,88,"60,624",Andy Samberg, Jorma Taccone,6912.0,0.221064814815,1.46050870147,0.851044709308
Ghost,0.384060007646,0.517501571862,0.0561372468863,0.456830184221,0.316905068969,0.225358701888,0.221185786633,0.616113364917,0.309539936048,0.383631166823,0.946850854382,0.069458425842,0.720415620024,0.190438079719,0.452695853337,0.871636080986,0.801469230204,0.964203343177,0.853094011037,0.716380886128,0.801239070762,0.86441042331,0.712742335975,0.119397274385,0.368392238056,0.330082682465,0.304681914668,0.0567539639979,0.856616737123,0.0746463420302,PG-13,English,USA,Jerry Zucker,1990,"Drama, Fantasy, Romance",127,"156,210",Patrick Swayze, Demi Moore,8534.0,0.169791422545,1.22913505311,0.906688384683
Meet the Parents,0.291877214796,0.679578303107,0.169941198389,0.821210427191,0.368976735731,0.16580097878,0.138731046553,0.573480325675,0.211095573395,0.538838639739,0.902136681265,0.0888036369437,0.425950840146,0.274389237636,0.424796437448,0.747920118436,0.64569697837,0.938594564209,0.506818452037,0.425191258361,0.594384283094,0.660973106515,0.678728291874,0.123838953159,0.58335217271,0.355494772958,0.530890413241,0.118272537654,0.688999206103,0.201147942652,PG-13,"English, Thai, Spanish, Hebrew, French",USA,Jay Roach,2000,"Comedy, Romance",108,"263,276",Robert De Niro, Ben Stiller,10650.0,0.201408450704,1.7243650047,0.903916066991
Private Pluto,0.372597800955,0.412880480974,0.578401312397,0.581560917163,0.178714519,0.0824761953668,0.106361382189,0.208183419981,0.170046658062,0.501528684467,0.73043538756,0.124316127613,0.457330794262,0.249362937816,0.720951024366,0.419102624196,0.257364068674,0.921748499429,0.300878551454,0.33083731949,0.491849901592,0.166937555172,0.642587727404,0.209785778118,0.0548365369231,0.684953492701,0.521112607461,0.480833911822,0.17350071555,0.537978976101,APPROVED,English,USA,Clyde Geronimi,1943,"Animation, Comedy, Family",7,293,Pinto Colvig, Dessie Flynn,285.0,0.526315789474,1.95652173913,0.807588388866
Rigodon,0.570831846874,0.834917671261,0.12346548226,0.659689319692,0.312828201618,0.119870433173,0.149452264641,0.755156589152,0.0993316418424,0.819823178865,0.981554966812,0.0627414938224,0.466679509243,0.238537012235,0.184874472045,0.538973201035,0.674831823808,0.995529818925,0.637968996062,0.51111989272,0.658890038866,0.649843139308,0.328710085341,0.00266988980232,0.123163082802,0.272484064764,0.162754977632,0.0937010011234,0.744184462673,0.0171971237288,N/A,"Filipino, Tagalog, English",Philippines,Erik Matti,2012,Drama,85,108,Yam Concepcion, John James Uy,4849.0,0.219839142091,1.28772258669,0.875874045426
Jason Goes to Hell: The Final Friday,0.305101601961,0.362177216302,0.105428334724,0.801718744986,0.3282619084,0.303853646352,0.098042118178,0.735178935749,0.403688815781,0.383043711144,0.893117319299,0.125500215095,0.467594279924,0.186666370845,0.433739738305,0.424565205326,0.684508434854,0.978331032216,0.463537660127,0.559337983962,0.560123427888,0.657800320984,0.657155915444,0.204526653987,0.272649099458,0.423997236236,0.472219575124,0.0193146918738,0.77929102798,0.0198945410141,R,English,USA,Adam Marcus,1993,"Fantasy, Horror, Thriller",87,"19,538",John D. LeMay, Kari Keegan,4631.0,0.226085078817,1.38948393379,0.879284632663
Ecstasy,0.391856443457,0.439011151001,0.18993888898,0.580757912439,0.461207151489,0.426440444502,0.389421907709,0.602304616753,0.368117245053,0.387317858894,0.949500964102,0.146739170776,0.79667933702,0.272069569293,0.396593464852,0.90859965972,0.617094404439,0.929314797053,0.868247879794,0.762393039608,0.746642513329,0.341301388234,0.946418944624,0.457454903303,0.649348642343,0.488255076869,0.349952427218,0.105738421736,0.534029317495,0.136070119728,N/A,English,"Canada, UK",Rob Heydon,2011,"Drama, Romance",99,"1,508",Adam Sinclair, Kristin Kreuk,6765.0,0.225424981523,1.19390402075,0.910881341809
Cottage Country,0.80582135478,0.862520751345,0.0513783005687,0.680424405599,0.578552779928,0.38234967135,0.27718047034,0.882436190822,0.0537689065867,0.909526913191,0.990882876292,0.0209760588633,0.465470469479,0.0429048348637,0.291746232543,0.882889200455,0.767978245671,0.977702810884,0.869545456994,0.830997005698,0.550058259774,0.562490878371,0.910714197681,0.020601971458,0.40671518779,0.134982229501,0.0268095447663,0.170677098228,0.539767490642,0.069336308454,N/A,English,Canada,Peter Wellington,2013,"Comedy, Crime, Horror",91,"3,026",Malin Akerman, Tyler Labine,4793.0,0.232213644899,0.922824302135,0.898778480281
Fletch,0.3910664054,0.564659184001,0.0841247406487,0.655279723619,0.456460966426,0.397958883284,0.280989302171,0.608105869119,0.237655012619,0.601484208765,0.887545767309,0.0651416138816,0.554587130472,0.106635793388,0.529131874905,0.843777017918,0.808725513374,0.722408043387,0.67632334347,0.725874335579,0.678308265625,0.717964543586,0.891018443902,0.168391944676,0.441846536794,0.250490288292,0.326486503823,0.217773837337,0.594227811251,0.288216008315,PG,English,USA,Michael Ritchie,1985,"Comedy, Crime, Mystery",98,"37,972",Chevy Chase, Joe Don Baker,10019.0,0.213693981435,1.56907730673,0.9013309493
Cornered,0.0893034146309,0.2433183794,0.0752430030481,0.772025125741,0.102921551082,0.17661078622,0.045867295535,0.415233635516,0.501302586455,0.251319420975,0.69555292772,0.0517860447066,0.194715556595,0.0700259720951,0.740076217184,0.308529781847,0.738570405761,0.833561608055,0.254035597323,0.615632788329,0.755567533419,0.910468257186,0.542550779021,0.127469118812,0.142053260663,0.344286520068,0.344405818113,0.028959366047,0.633583673091,0.144629750762,APPROVED,"English, Spanish, French",USA,Edward Dmytryk,1945,"Drama, Film-Noir, Thriller",102,"1,307",Dick Powell, Walter Slezak,6427.0,0.216119495877,1.38601398601,0.876542167169
Insidious: Chapter 3,0.515197504587,0.695157979608,0.162843945553,0.397182578076,0.274728549752,0.114943539741,0.184634599274,0.541146400655,0.229726565958,0.432876202553,0.977190042273,0.198408664124,0.803081274879,0.45175887725,0.492737906228,0.877316241903,0.630706301003,0.99663531022,0.892224475046,0.578477113633,0.643902221532,0.686127207234,0.614181365354,0.0820375032615,0.421574977023,0.554238898021,0.295337837952,0.0391866815251,0.740730219762,0.0506310845178,PG-13,English,"Canada, USA",Leigh Whannell,2015,"Fantasy, Horror, Thriller",97,"56,267",Dermot Mulroney, Stefanie Scott,5023.0,0.211029265379,1.09201388889,0.893489325109
Meet the Robinsons,0.592809549118,0.696039811756,0.167840562405,0.665256753387,0.406818421503,0.347411248337,0.239671176688,0.64535625022,0.26864732677,0.733856596735,0.919513608464,0.0720699765238,0.393790484374,0.142500207614,0.351539648464,0.576447644653,0.663426825539,0.919759640816,0.666411764828,0.63896197605,0.656074007082,0.665192525002,0.734108400734,0.169907665414,0.396049563352,0.295949160278,0.152576809717,0.246816275503,0.651697914686,0.155442940674,G,English,USA,Stephen J. Anderson,2007,"Animation, Adventure, Comedy",95,"68,129",Angela Bassett, Daniel Hansen,8680.0,0.202304147465,1.28762198254,0.872022443153
Vidocq,0.532875068714,0.490696830512,0.483805200534,0.414057204988,0.317124293121,0.262149208518,0.108181691662,0.225304290399,0.0946297773997,0.738743129756,0.908746834397,0.1867762948,0.799891697668,0.169812719371,0.352308759333,0.981494814274,0.120268597755,0.870334490377,0.875498318298,0.670816198046,0.387172502906,0.0275457178653,0.991035150376,0.596190329833,0.693663699783,0.625064266683,0.271260891481,0.0619608463485,0.0595430058051,0.395734572578,R,French,France,Pitof,2001,"Action, Crime, Fantasy",98,"18,177",Gérard Depardieu, Guillaume Canet,4470.0,0.268680089485,1.11731315043,0.872054247803
1408,0.736007406206,0.752693399547,0.260727597517,0.520606922604,0.542547344913,0.712707053288,0.461628757918,0.666262073822,0.234047831432,0.82257423622,0.859160801815,0.291627334891,0.771682506404,0.217156262871,0.380509549595,0.968518042583,0.62915916466,0.813579447932,0.881438489932,0.761566512006,0.528500157327,0.28113805478,0.984071565315,0.412657373956,0.785260505779,0.406865593092,0.141137686003,0.47122261034,0.241647186281,0.55694760959,PG-13,English,USA,Mikael Håfström,2007,"Fantasy, Horror",104,"211,413",John Cusack, Paul Birchard,4954.0,0.239604360113,1.13506493506,0.862539948203
Rio,0.364806340963,0.724079634046,0.0601735146458,0.826336537538,0.269171139435,0.126252995433,0.238285622269,0.722491935407,0.398759145017,0.605415641543,0.938488809673,0.0483456048306,0.448640084139,0.129227495585,0.416199174471,0.565272559482,0.79881017404,0.957364217464,0.541789091226,0.44149148058,0.958791917741,0.892068926998,0.676679747708,0.318761811602,0.75827201104,0.266688448722,0.105443062168,0.229442134063,0.848479968995,0.22909330883,G,"English, Portuguese",USA,Carlos Saldanha,2011,"Animation, Adventure, Comedy",96,"167,131",Karen Disher, Jason Fricchione,7010.0,0.211412268188,1.3543814433,0.852054346632
Hostile Waters,0.0853293173021,0.254082673548,0.986698426462,0.595826825798,0.613587341504,0.893259841308,0.500788601153,0.390582619015,0.878456686848,0.688632935126,0.120149495961,0.950786669119,0.614734270511,0.723759569504,0.0568253349577,0.880554539215,0.030493233398,0.245377283092,0.450907012321,0.333704729141,0.626509394279,0.0229573852429,0.995343360593,0.980833798323,0.966726902534,0.976377680759,0.972526072594,0.519361612083,0.00572800264383,0.987801238532,PG,English,"France, Germany, UK, USA",David Drury,1997,Thriller,94,"1,397",Rutger Hauer, Martin Sheen,161.0,0.869565217391,11.5,0.820664029356
Hot Tub Time Machine,0.201362823854,0.382181149594,0.0470620791386,0.720846717597,0.160303241207,0.233490322091,0.123447329829,0.577494561701,0.521595152574,0.3236521877,0.672977839038,0.0712859372666,0.357238887121,0.113373462835,0.623596271787,0.348394885017,0.90499614572,0.820009389759,0.439047393922,0.699476131013,0.752456757224,0.972375270034,0.64167144098,0.106158303973,0.348378913439,0.205715206051,0.230927617702,0.109257078865,0.840400920072,0.189630692984,R,"English, Russian",USA,Steve Pink,2010,"Comedy, Sci-Fi",101,"139,979",John Cusack, Clark Duke,12790.0,0.163799843628,1.29548660085,0.851216332635
Zift,0.153998383273,0.19047724117,0.509995876489,0.567843431321,0.251872518185,0.51023223449,0.14078252402,0.0825471029753,0.517040474681,0.359813272716,0.364712267176,0.430042626258,0.739221749971,0.327690567764,0.666574383605,0.972779013352,0.271665735745,0.427709726755,0.76741072724,0.639434768535,0.406872447746,0.106660369777,0.984916880009,0.942233864087,0.81986503826,0.792469666439,0.666158559746,0.206707966728,0.0926728255047,0.747662811869,N/A,Bulgarian,Bulgaria,Javor Gardev,2008,"Crime, Drama, Mystery",92,"4,006",Zachary Baharov, Tanya Ilieva,5687.0,0.337612097767,1.58623853211,0.908839827993
Angel of Death,0.300963418864,0.360541078877,0.115065793837,0.581482481006,0.194187235923,0.316618116675,0.119270450432,0.531154794972,0.362779496931,0.35273013905,0.842644564252,0.111819189285,0.415878422819,0.173072500292,0.565578709279,0.481323413287,0.694778159525,0.912401646978,0.523802491367,0.745201359261,0.556311846561,0.813166396448,0.672443630668,0.0873097742571,0.212339166164,0.417422204942,0.371841716234,0.0250058497735,0.64574055741,0.0620419515807,R,English,USA,Paul Etheredge,2009,"Action, Crime, Thriller",77,"1,826",Zoë Bell, Jake Abel,5427.0,0.211350654137,1.17086614173,0.854855618068
Righteous Kill,0.161640487624,0.220135284242,0.199091632241,0.713880406567,0.243590836599,0.251359646058,0.124295691493,0.413519725036,0.359739506675,0.192097055549,0.757182188961,0.114681809455,0.362323847967,0.188054249149,0.516298993731,0.527686219352,0.546699578192,0.795536050634,0.346015731902,0.662241280856,0.598873961016,0.602714263433,0.881219948216,0.291869496474,0.319747121716,0.508445584274,0.618886259905,0.0279495746796,0.390273797416,0.219232334723,R,"English, Spanish, Russian",USA,Jon Avnet,2008,"Action, Crime, Drama",101,"73,968",Robert De Niro, Al Pacino,10953.0,0.187528530996,1.28408163265,0.884077530569
Jatts in Golmaal,0.511604746416,0.349772704419,0.0232752439319,0.675596124046,0.513444477675,0.505108076931,0.484093934484,0.82759178979,0.214824491062,0.426608842064,0.966579917971,0.0334450757305,0.489699570281,0.0731050451081,0.164491632261,0.739891369565,0.88074099119,0.956314360895,0.854463126879,0.926072228384,0.61695417801,0.750336923937,0.563370580721,0.0392897293185,0.0780340265881,0.23959821103,0.331155416927,0.0558401488646,0.77377727551,0.000777778733443,N/A,Panjabi,India,Ksshitij Chaudhary,2013,Comedy,129,296,Arya Babbar, Binnu Dhillon,16260.0,0.127367773678,1.07545750815,0.907022251992
Qissa: The Tale of a Lonely Ghost,0.390966556734,0.365894923985,0.0283621298697,0.763876266043,0.470761177145,0.534210379654,0.572354051773,0.795401709713,0.574535442548,0.271576375555,0.952433639885,0.120503934105,0.710611190705,0.157240288976,0.288240682041,0.803228052553,0.921438667756,0.967227651945,0.857884826574,0.901495288484,0.777185809859,0.888064248611,0.696742508989,0.329992628203,0.490092812436,0.35661146451,0.290928547731,0.0733107033163,0.882595838415,0.00175789044304,N/A,Panjabi,"Germany, India, Netherlands, France",Anup Singh,2013,"Drama, Fantasy",109,498,Irrfan Khan, Tisca Chopra,3095.0,0.231017770598,1.09785522788,0.889167844158
Inside the Walls of Folsom Prison,0.476431032675,0.47391522063,0.0592870735637,0.76566971374,0.528418662211,0.462717852614,0.291161202093,0.728153561141,0.139479796647,0.796993124664,0.951246007331,0.0145772063361,0.375274678514,0.0265538624706,0.424276666009,0.745806297662,0.752331755935,0.834296717716,0.570294370675,0.828925979208,0.618237119058,0.582715132958,0.891374322724,0.0997124438166,0.17786729098,0.225837002767,0.146223648084,0.15399508761,0.407397546198,0.131469883064,APPROVED,English,USA,Crane Wilbur,1951,"Crime, Drama",87,150,Steve Cochran, David Brian,7696.0,0.211928274428,1.31607465382,0.920635358089
Willie Dynamite,0.26520685795,0.460181513414,0.0257117811897,0.944863057015,0.413478746781,0.458765131927,0.200249882311,0.8233887839,0.263740541875,0.737373323581,0.97558605928,0.00814401070271,0.576833121335,0.0191513986348,0.352021561399,0.781030753675,0.870801302826,0.625718159073,0.655899588216,0.856396507361,0.936406351338,0.688107418654,0.898755515236,0.261992705514,0.677785117256,0.0882569310688,0.169822898082,0.0402349468655,0.810585936812,0.171249460936,R,English,USA,Gilbert Moses,1974,"Crime, Drama",102,631,Roscoe Orman, Diana Sands,6237.0,0.245149911817,1.44394281415,0.899704802476
Wildflower,0.00355441971509,0.0167571487454,0.984792606055,9.61809052347e-07,0.0370178536575,0.161526534373,0.153524025843,0.00388580814313,0.991090879049,0.0590000352391,0.0977809378098,0.999928570691,0.963442799382,0.996886296471,0.998366704448,0.902729173714,0.0916387477745,0.622841839533,0.889235062807,0.0285265967732,0.144223277886,0.176022393702,0.705632616533,0.995813802895,0.794815538617,0.99220215947,0.998241935305,0.128789897303,0.0756912662034,0.980436733146,PG-13,English,USA,Diane Keaton,1991,"Drama, Romance",120,948,Beau Bridges, Susan Blakely,285.0,0.40350877193,30.4444444444,0.857285778517
Echelon Conspiracy,0.581381998054,0.587476906468,0.057580869507,0.694171648033,0.511695848361,0.572905751156,0.363505976265,0.807906393988,0.12312721386,0.814966864443,0.937660613124,0.0205628238442,0.293300190241,0.051602481365,0.136640582303,0.495541428958,0.761622466092,0.738856522691,0.551653765898,0.804712170219,0.674699080027,0.53991840572,0.812482208112,0.0401941045942,0.153610897926,0.166972734756,0.201486726047,0.22281522389,0.57266832274,0.0956270696211,PG-13,"English, Russian",USA,Greg Marcks,2009,"Action, Crime, Mystery",105,"17,152",Shane West, Edward Burns,5959.0,0.262292330928,1.40517897944,0.882509536602
Flatliners,0.551032164338,0.589139367269,0.271470668869,0.499370345227,0.327991591759,0.430318596808,0.216934182912,0.44932731351,0.384604163817,0.527133177131,0.917019965834,0.226395790886,0.784632668013,0.289724905058,0.394318488612,0.897196541816,0.617889235262,0.96962865042,0.879033681696,0.673476307845,0.556222110569,0.562861697129,0.814182454238,0.34257964698,0.506056471378,0.575988031188,0.264097752732,0.14944143067,0.559412324469,0.192081943559,R,English,USA,Joel Schumacher,1990,"Drama, Horror, Sci-Fi",115,"62,461",Kiefer Sutherland, Julia Roberts,6605.0,0.235427706283,1.25938337802,0.897239508145
Open Range,0.189993041989,0.337961832177,0.168970556259,0.822964993462,0.39266260785,0.606123134258,0.225117797962,0.402110625182,0.406318362465,0.403554173954,0.861214030222,0.101147123961,0.435470542666,0.0919226236119,0.395961403209,0.804453856581,0.606943427787,0.590086845966,0.587680031263,0.779097539771,0.5523877004,0.549338137839,0.649127683169,0.495111795274,0.437269886185,0.405083443647,0.49050298009,0.0780154751904,0.562549051031,0.0723261400666,R,English,USA,Kevin Costner,2003,"Drama, Romance, Western",139,"54,384",Robert Duvall, Kevin Costner,8495.0,0.259446733373,1.22748568454,0.883533766546
Hotel Noir,0.406042064098,0.529231042997,0.24775245368,0.406980521905,0.208590518967,0.239356743238,0.121704344827,0.25177994322,0.32429708983,0.429708581456,0.870054858666,0.199999005161,0.758693022439,0.292246635084,0.677742998086,0.875822802205,0.497440404249,0.801902600447,0.863934868788,0.685564684225,0.500828688323,0.516064018706,0.906860503995,0.301802228525,0.57838853232,0.443032322852,0.270072915278,0.0895515494677,0.441266193865,0.357584142068,N/A,English,USA,Sebastian Gutierrez,2012,"Crime, Drama, Romance",97,793,Malin Akerman, Patrick Arthur,8900.0,0.21808988764,1.11729019211,0.883648274227
Willow,0.198642704361,0.384938855735,0.16436660889,0.830475687793,0.385711824105,0.485046668532,0.227693560163,0.516242617061,0.570687589179,0.293066906761,0.943634667763,0.182833451384,0.766912693782,0.280908834373,0.360453460925,0.914506615636,0.629846181517,0.91537228228,0.796096714394,0.603985622035,0.843300323368,0.517987106915,0.809329262396,0.766464616296,0.873075692838,0.443129756217,0.529207541349,0.0779832706222,0.705590422176,0.0909753597408,PG,English,"USA, New Zealand, UK",Ron Howard,1988,"Action, Adventure, Drama",126,"81,767",Val Kilmer, Joanne Whalley,6186.0,0.227934044617,1.71073717949,0.891450065658
16 Blocks,0.311995023955,0.395394993397,0.0102834625688,0.884505904393,0.441106149686,0.506872660095,0.33837989752,0.852581895164,0.452192576131,0.498519979713,0.899930897273,0.0115051932512,0.302228668105,0.020416392601,0.306388133052,0.422599007185,0.961288979677,0.769010666695,0.50045321214,0.845938587966,0.781601820123,0.972991265167,0.596063522938,0.0844639329465,0.217521905615,0.102262384115,0.187800635876,0.11777335617,0.923833286718,0.0228383428637,PG-13,English,"Germany, USA",Richard Donner,2006,"Action, Crime, Drama",102,"113,324",Bruce Willis, Yasiin Bey,8499.0,0.164842922697,1.34375,0.859358327798
Brute Force,0.470389112531,0.523035267614,0.105976297552,0.711840144412,0.445136522181,0.509733983383,0.290801355593,0.609968401965,0.250750849917,0.667366443907,0.933744513728,0.0544089390946,0.577178831375,0.0848736829071,0.311728768431,0.817880738716,0.737463872092,0.846498972249,0.723131900238,0.818763113946,0.577297416138,0.627957012758,0.812580312078,0.192954939699,0.298272486852,0.296072450384,0.191718372381,0.135293124782,0.588107381935,0.0993447610186,NOT RATED,English,USA,Jules Dassin,1947,"Crime, Drama, Film-Noir",98,"6,459",Burt Lancaster, Hume Cronyn,8230.0,0.212879708384,1.35270425777,0.910283303894
Private School,0.615997750708,0.844063841965,0.0405343948319,0.714698428834,0.55497714612,0.345383809746,0.4195736512,0.824426621824,0.23410103583,0.810651097142,0.980873122984,0.0702853958994,0.828423492828,0.14592596237,0.462382040621,0.877313975202,0.916454848763,0.918985383927,0.856397397482,0.721113523686,0.793897303621,0.889421544366,0.752963867567,0.067790160275,0.603038509523,0.127782484853,0.155399189272,0.336004737174,0.873106445031,0.196595358881,R,English,USA,Noel Black,1983,"Comedy, Romance",89,"4,301",Phoebe Cates, Betsy Russell,6267.0,0.223711504707,1.39324116743,0.885471045718
Viktor,0.375895237637,0.286832123942,0.0348670347253,0.260369496345,0.389482213991,0.443297085558,0.487466174546,0.483373087714,0.389783897996,0.0874516644893,0.859332026488,0.192945487023,0.860164002026,0.270058859721,0.404160854108,0.942350102656,0.894189413306,0.874587561591,0.946187038246,0.907614817881,0.579916225192,0.740436127844,0.753634877995,0.188539806967,0.213821339347,0.498697570131,0.613411647815,0.113651355492,0.791538367821,0.0191476763554,N/A,"English, Russian","France, Russia",Philippe Martinez,2014,"Action, Drama, Thriller",134,310,Gérard Depardieu, Elizabeth Hurley,3529.0,0.254746387078,1.26844783715,0.907899048462
Universal Soldier,0.271903952709,0.406014324777,0.0572442423079,0.866714053403,0.399714746863,0.458200022598,0.306571404812,0.806374957991,0.303780627012,0.630006765027,0.914081065246,0.0315638243838,0.245532132571,0.0605577292131,0.248057221372,0.390455166281,0.806448121598,0.849187550301,0.286794644353,0.734637421636,0.815982769436,0.731545609854,0.719186422045,0.12453968953,0.254713651635,0.268277541948,0.307218801124,0.0965527235912,0.637887320305,0.0576018645214,R,English,USA,Roland Emmerich,1992,"Action, Sci-Fi, Thriller",102,"69,500",Jean-Claude Van Damme, Dolph Lundgren,5892.0,0.244738628649,1.49159327462,0.864521169288
Prisoners,0.428110126385,0.4854582649,0.0383678845865,0.637340950943,0.337290341788,0.270600697576,0.287234904356,0.697442850995,0.217708637965,0.571398587295,0.950474434364,0.0625804561982,0.627625152183,0.118347761166,0.389309065563,0.811479297348,0.851630631285,0.951049701363,0.778014049452,0.794937411175,0.61330358375,0.856707669515,0.576469771616,0.0428450819676,0.233876071957,0.259816389911,0.250874470793,0.0485426351123,0.749451325289,0.0205129288949,R,English,USA,Denis Villeneuve,2013,"Crime, Drama, Mystery",153,"392,734",Hugh Jackman, Jake Gyllenhaal,8861.0,0.174359553098,1.18996590356,0.880662820373
Buck,0.501667636697,0.649808787148,0.351365508799,0.375782221289,0.321167459705,0.166669971708,0.139250315572,0.265604497561,0.189917732664,0.646290757557,0.91827351808,0.137520384694,0.684185198827,0.252145174374,0.838459428112,0.936179596155,0.293164108413,0.905075072987,0.851393814543,0.631145009748,0.379908626226,0.269668970899,0.947042408302,0.3323121106,0.520645353687,0.571863986844,0.143038547773,0.167864468642,0.320206087396,0.483962973769,PG,English,USA,Cindy Meehl,2011,Documentary,88,"2,748",Buck Brannaman, Gary Myers,11839.0,0.164371990878,1.00382995021,0.858255769286
Zindagi Na Milegi Dobara,0.461107490125,0.694142210506,0.125375743976,0.617193361529,0.309114499616,0.239825464072,0.368292446879,0.599510046308,0.313692197276,0.339458578174,0.925137444779,0.184349398938,0.784799914343,0.394564225198,0.268728373481,0.859416275563,0.810909112115,0.948492562616,0.837319951053,0.650937464314,0.728539472909,0.749200916074,0.65521368328,0.158161052962,0.557217417075,0.401050643431,0.463845123057,0.199719103169,0.754767507987,0.128039173861,N/A,"Hindi, Japanese, Spanish, English",India,Zoya Akhtar,2011,"Adventure, Comedy, Drama",155,"44,519",Katrina Kaif, Hrithik Roshan,10174.0,0.184096717122,1.38279857398,0.901352636444
The Stanford Prison Experiment,0.406682349262,0.578236207275,0.123507045267,0.619536660349,0.45547552875,0.332554981059,0.274110431551,0.670042134094,0.191630900731,0.740585627437,0.948237597354,0.043272540798,0.418267708632,0.0930107699672,0.379374515511,0.67115866785,0.653436288521,0.894025036047,0.592068361909,0.787988308513,0.762904555909,0.555581916486,0.919748327768,0.0745148679785,0.341247838202,0.277769889061,0.142382823091,0.126387559796,0.497240633794,0.237332570372,R,English,USA,Kyle Patrick Alvarez,2015,"Biography, Drama, History",122,"17,206",Billy Crudup, Michael Angarano,11389.0,0.158574062692,1.16338354577,0.874910495753
Rio 2,0.514217633019,0.860742110088,0.0373681657373,0.894099844927,0.382659785816,0.176632023413,0.295227291622,0.824967482191,0.234253592454,0.803389496327,0.97503076554,0.0177425398936,0.499331769909,0.073758650458,0.372449682502,0.738888334497,0.868317347723,0.960721241098,0.721483353184,0.530571874462,0.9519464952,0.864838733599,0.789371532542,0.214186621868,0.796449953957,0.138817973099,0.0230649576298,0.355002564894,0.863185587706,0.241868878893,G,"English, Portuguese",USA,Carlos Saldanha,2014,"Animation, Adventure, Comedy",101,"59,428",Jake T. Austin, Carlinhos Brown,7911.0,0.217418783972,1.46499102334,0.85816073214
Silenced,0.788592641621,0.689745476047,0.632991576233,0.118652156188,0.705672286953,0.376385714915,0.311758233803,0.361774219377,0.0156199998848,0.937392687232,0.874114717303,0.294423335072,0.655309378122,0.315541459071,0.546249991691,0.994349757548,0.110847803368,0.597613819734,0.760137681174,0.681291575649,0.292423637742,0.00434808550298,0.998651476235,0.270175243188,0.664931080211,0.69519488717,0.283792733569,0.361273125244,0.0466633924691,0.958000882217,N/A,Korean,South Korea,Dong-hyuk Hwang,2011,Drama,125,"4,187",Yoo Gong, Yu-mi Jeong,12377.0,0.182677547063,1.03482237074,0.907989149808
The Spiral Staircase,0.646920116685,0.62765777357,0.155888804168,0.513328521913,0.44556544041,0.442111549459,0.255871369195,0.595118569707,0.248910925254,0.569533501746,0.977986463896,0.172851220921,0.845408090809,0.238812090964,0.397207228074,0.94761822428,0.705045884899,0.976845564742,0.928043175684,0.776953823966,0.459774161739,0.612322566325,0.715564739528,0.123882487879,0.323054162776,0.38967336699,0.283548396838,0.0825357590293,0.704229486116,0.032698656039,APPROVED,English,USA,Robert Siodmak,1945,"Horror, Mystery, Thriller",83,"6,731",Dorothy McGuire, George Brent,5517.0,0.203008881639,1.11760063141,0.91209722685
Ghayal Once Again,0.383872152382,0.290568586662,0.0784414092635,0.627748181769,0.577342726465,0.695445526743,0.604443369357,0.687971035342,0.291731052833,0.428427999141,0.898748418272,0.160536566557,0.632433430462,0.110104449917,0.0831859248662,0.954363091626,0.852448039096,0.8711058373,0.871941602903,0.920455598476,0.671183675847,0.574284314332,0.722294587659,0.267685854456,0.280051149164,0.404376967906,0.540955585597,0.115464413361,0.610522982461,0.017827762605,N/A,Hindi,India,Sunny Deol,2016,"Action, Drama",127,"3,945",Sunny Deol, Rishabh Arora,10725.0,0.170536130536,1.29961538462,0.859109019441
16 Years of Alcohol,0.466039510268,0.512100079211,0.0659039572443,0.599142821941,0.278229164528,0.361247293034,0.278234700008,0.483312717369,0.58500768193,0.329693392625,0.894894140082,0.12808568652,0.84838765185,0.151371718422,0.532643295992,0.921769689051,0.841556425298,0.913804744085,0.90827936201,0.745961447834,0.757334975271,0.921339543105,0.908057528855,0.493450530264,0.671108034832,0.372332935425,0.162801032047,0.192864430101,0.788458222371,0.259501297248,R,English,UK,Richard Jobson,2003,"Crime, Drama",102,"1,481",Kevin McKidd, Laura Fraser,6291.0,0.228580511842,1.22054597701,0.918856319208
Lighthouse,0.416960908838,0.626105634937,0.0961416051834,0.758705492131,0.383294598714,0.355541908299,0.281534966032,0.701878361097,0.231055256588,0.768896325021,0.955413276203,0.040916447508,0.529412360841,0.0737660077389,0.362484522941,0.731268620356,0.755318451271,0.935925026342,0.594379409784,0.632339097581,0.782182479459,0.717515689979,0.797283389819,0.0937582342863,0.358201164746,0.284322754341,0.183528432428,0.208031125959,0.55590547194,0.166042583111,R,English,UK,Simon Hunter,1999,"Horror, Thriller",95,"1,023",James Purefoy, Rachel Shelley,2733.0,0.309915843396,1.4963898917,0.83494482465
Eddie,0.306374862387,0.309446761365,0.0127363269898,0.92372547368,0.444734034499,0.48728140077,0.391540999152,0.884395732866,0.440922820902,0.708093124938,0.738333931241,0.011688364927,0.160860400315,0.0163406755204,0.444420423499,0.13053452982,0.948672826862,0.35320734112,0.188955382271,0.845715473586,0.834439115494,0.977366363465,0.478949648898,0.0991825730964,0.140488291842,0.0406602221766,0.197476069099,0.329860664333,0.944404312524,0.145102590121,PG-13,"English, Russian",USA,Steve Rash,1996,"Comedy, Sport",100,"7,124",Whoopi Goldberg, Frank Langella,12681.0,0.160634019399,1.98485485907,0.905261550423
Lili,0.482368786404,0.812608002848,0.179296758038,0.651908262831,0.360839175825,0.218043253929,0.259173315353,0.46858579013,0.301187801655,0.627696264457,0.980357581914,0.162007050312,0.873096423303,0.273788289157,0.432282660832,0.933965691369,0.583542334207,0.962223267089,0.927260589549,0.592143284289,0.728863401063,0.511177748262,0.782053306206,0.339828193545,0.798244665628,0.330331855836,0.256781572455,0.230829703317,0.752322949231,0.207938241228,PASSED,English,USA,Charles Walters,1953,"Drama, Musical, Romance",81,"2,427",Leslie Caron, Mel Ferrer,5983.0,0.227812134381,1.38875692795,0.905732018625
Jay and Silent Bob Strike Back,0.0427140603987,0.129270501256,0.156631696192,0.755039085847,0.193957648478,0.268062768676,0.139650768062,0.283903825555,0.507654085029,0.195264587547,0.434972517525,0.12183832977,0.300973500819,0.108620211919,0.745813835466,0.635526495293,0.660557928345,0.421616029441,0.323860537607,0.738439413166,0.845463870413,0.816680741846,0.970641628362,0.70956960368,0.78732220432,0.500538338899,0.400733932435,0.057578679827,0.385963126978,0.800566976738,R,English,USA,Kevin Smith,2001,Comedy,104,"129,223",Jason Mewes, Kevin Smith,10319.0,0.213683496463,1.43017806935,0.922605498014
Meet the Feebles,0.204451718377,0.42694049448,0.248660737624,0.541753989685,0.238960483696,0.305715601211,0.150792461749,0.257846686725,0.533170572345,0.312996417797,0.804264636086,0.209120770577,0.647660242249,0.287331050604,0.686124854514,0.863496654003,0.610166809179,0.846944197072,0.676864420824,0.559893882068,0.635942896389,0.700725516622,0.880172064067,0.662052954878,0.611954066048,0.5798354236,0.520100172333,0.183386819304,0.527283609347,0.460156922401,R,English,New Zealand,Peter Jackson,1989,"Comedy, Music, Musical",97,"15,986",Danny Mulheron, Donna Akersten,6913.0,0.259655721105,1.52033660589,0.904435486696
Unlucky Stars,0.358208601979,0.559256407693,0.0593068357863,0.622858066143,0.283815736728,0.193899349663,0.247671898953,0.667659160954,0.253736118178,0.570601761767,0.901778668104,0.0345045628077,0.346282257775,0.0880203781054,0.396471523115,0.45340282819,0.830296401965,0.921756076514,0.516337069689,0.727951192406,0.756549007745,0.904301421801,0.56695527471,0.0372451287721,0.122011324038,0.243000698284,0.155365957076,0.137926395098,0.791156473918,0.0570077106838,N/A,English,USA,Dennis Ruel,2015,"Action, Adventure, Comedy",100,47,Dennis Ruel, Ken Quitugua,8160.0,0.177083333333,1.15417789757,0.866653230114
The Spirit of '45,0.605464309386,0.577836769616,0.212263514145,0.288226477983,0.671630941206,0.708399814802,0.725707082015,0.409527414351,0.115632077042,0.885598558667,0.662968373446,0.0854867249076,0.310823234248,0.0553065911736,0.348721434995,0.997825029523,0.618407742707,0.326186739293,0.864266942728,0.936282934963,0.673177299492,0.308851329748,0.997095857486,0.371863449842,0.693170020633,0.512359286943,0.0547565793487,0.71875471066,0.109019105619,0.939845049343,N/A,English,UK,Ken Loach,2013,"Documentary, History",94,816,Winston Churchill, Tony Benn,11941.0,0.206599112302,1.20838323353,0.914870044263
Fleurs de sang,0.45748241929,0.697068612031,0.136772067438,0.61524599688,0.324959695449,0.292649420749,0.269506546458,0.577770179555,0.327614872969,0.581532960069,0.971303935176,0.135335284862,0.830261073819,0.256977656268,0.367555728934,0.865193495925,0.651201549198,0.961135379436,0.866655548429,0.751462357722,0.750887715713,0.586662987345,0.812675663146,0.229246271647,0.614465638851,0.376394945177,0.187139910021,0.108450006011,0.677478449727,0.125858402268,N/A,French,"Spain, France, Switzerland","Myriam Mézières, Alain Tanner",2002,N/A,100,44,Myriam Mézières, Bruno Todeschini,3716.0,0.298439181916,1.20868516285,0.914939651571
Hot Bot,0.535391102902,0.749039063688,0.0619830869031,0.739426163737,0.54987840988,0.419336873441,0.411295695363,0.845454074786,0.157523048167,0.82726219363,0.980838215641,0.0294693137306,0.437286810071,0.076828885581,0.255843742019,0.794966657962,0.75051436531,0.917110719592,0.753053902046,0.823081591545,0.925844302278,0.501692681656,0.95039662147,0.067307032483,0.643612501494,0.136069838206,0.0646597118661,0.147578889969,0.570355432174,0.231056183026,N/A,English,USA,Michael Polish,2016,"Comedy, Sci-Fi",86,"1,183",Zack Pearlman, Doug Haley,8111.0,0.230181235359,1.21134593993,0.907015344961
"Silent Night, Deadly Night 5: The Toy Maker",0.504963789393,0.633867194776,0.099744571814,0.641742160682,0.327319528767,0.174150613471,0.16687830316,0.648590607836,0.28256657058,0.502591361708,0.963473795129,0.0875537198843,0.607111319145,0.19353779856,0.342791958825,0.648430874345,0.727694040449,0.993841850683,0.790527549467,0.645334166965,0.616855200122,0.750738207413,0.491205330435,0.0636743777634,0.21208009343,0.385403359975,0.23171671474,0.0491297436776,0.816260388246,0.00794679693984,R,English,USA,Martin Kitrosser,1991,"Horror, Sci-Fi",90,908,William Thorne, Jane Higginson,3598.0,0.224291272929,1.10295857988,0.89754927494
Not Fade Away,0.333754397097,0.345581656257,0.0743087313364,0.511768018346,0.338908432996,0.465297878649,0.36574214258,0.497784447741,0.461745964278,0.44077769076,0.543671041274,0.1606753995,0.516268667106,0.129644226225,0.726086928658,0.756697942951,0.908617848676,0.537359946008,0.671910082823,0.828308940551,0.613023413877,0.910117551706,0.878892090339,0.304348116191,0.47243488101,0.37674466879,0.337996798788,0.295055872855,0.606392432786,0.419165494811,R,English,USA,David Chase,2012,Drama,112,"3,698",John Magaro, Jack Huston,7481.0,0.267477609945,1.40545685279,0.897424822695
Eat Pray Love,0.621605997467,0.788709486045,0.132764389771,0.549243052048,0.49281699271,0.391058056763,0.47914740616,0.667482450407,0.36614867185,0.462487579266,0.969063077332,0.204994436929,0.919704615347,0.393283848806,0.435711694378,0.965483111479,0.853843329193,0.95784786521,0.965322096022,0.741568826355,0.710254796831,0.713698975444,0.853950822596,0.253901905094,0.779853688732,0.372489867305,0.244259882304,0.300687396982,0.822915332596,0.236948670645,PG-13,"English, Italian, Portuguese",USA,Ryan Murphy,2010,"Drama, Romance",133,"64,385",Julia Roberts, I. Gusti Ayu Puspawati,11254.0,0.198773769326,1.20048701299,0.884209829945
Not Cool,0.333224537283,0.65771466777,0.124974656863,0.546929507632,0.17948471436,0.155536323162,0.10695157839,0.527874390647,0.41986837578,0.484984739669,0.7306685124,0.214670046762,0.486711650028,0.348204278183,0.648606056243,0.554557184564,0.799257983588,0.907194591453,0.604016293359,0.56120753603,0.65022326702,0.909493005087,0.633267892581,0.0768726116476,0.555819356938,0.308413294649,0.221098082116,0.149967112403,0.774211658306,0.396412835153,NOT RATED,English,USA,Shane Dawson,2014,Comedy,93,"4,210",Shane Dawson, Cherami Leigh,10169.0,0.196872848854,1.28513145966,0.868537879218
Northanger Abbey,0.808417134611,0.869194762943,0.218510765313,0.386004933217,0.552620238224,0.28764289332,0.279559635633,0.611022300732,0.0891292456406,0.855698873636,0.976523636876,0.277777505015,0.934861668858,0.29561884798,0.285865616569,0.997887550629,0.58838361855,0.973908612642,0.981760315461,0.626945593818,0.144587558155,0.220294078907,0.96525551333,0.23584931138,0.759742903345,0.374622609248,0.235725793248,0.198259884199,0.562847627769,0.185395377101,N/A,English,"UK, USA, Ireland",Jon Jones,2007,"Drama, Romance",84,"10,094",Geraldine James, Michael Judd,8894.0,0.192376883292,1.09139784946,0.879889688743
Hot Fuzz,0.433299735878,0.573518408416,0.114387745593,0.512061065324,0.438968586427,0.366964418063,0.256989853027,0.455997508205,0.210376273933,0.592516711954,0.834906051692,0.112812485752,0.572883713836,0.0957674042763,0.564173228196,0.953374269244,0.786190825268,0.745258032974,0.735211879474,0.654322998311,0.587375149559,0.623469584282,0.962713539851,0.273037498619,0.442483114311,0.401810966885,0.366142116204,0.263970729819,0.389594121233,0.477952884458,R,English,"UK, France, USA",Edgar Wright,2007,"Action, Comedy, Mystery",121,"356,772",Simon Pegg, Martin Freeman,10780.0,0.226159554731,1.56201726488,0.909294677794
Bubble Boy,0.32292490392,0.647458720624,0.0298353552304,0.865959593497,0.291981552985,0.229608833166,0.21591977055,0.69045247371,0.428152342658,0.512363083245,0.906142033936,0.0339300022395,0.484559568544,0.0816964279997,0.57622782364,0.722989274945,0.924311084422,0.872545535513,0.610673137875,0.539829652874,0.915890356808,0.916564651339,0.706095250781,0.231972832511,0.725540624088,0.188244575121,0.140987458929,0.204457121717,0.881332917097,0.270570755273,PG-13,English,USA,Blair Hayes,2001,"Adventure, Comedy, Romance",84,"25,756",Jake Gyllenhaal, Swoosie Kurtz,6653.0,0.215842477078,1.60756676558,0.885258479859
Quarantine 2: Terminal,0.324224841365,0.532212044555,0.0281077637146,0.928481990931,0.479828421156,0.46104914707,0.414949156535,0.90483753665,0.319284559728,0.773012119493,0.970389225435,0.0133469803981,0.247340687394,0.0339160348667,0.216539486876,0.296538537406,0.875734075666,0.905954714479,0.303287186435,0.741996409058,0.910964845353,0.869290960542,0.551640271485,0.0787310392713,0.234612507158,0.133050328493,0.168927011339,0.112582071685,0.796317981169,0.0357848918584,R,English,USA,John Pogue,2011,"Horror, Mystery, Sci-Fi",86,"14,900",Mercedes Mason, Josh Cooke,6615.0,0.206953892668,1.52198990627,0.838477628095
Angel Face,0.728921643921,0.804940982173,0.115209776074,0.595349612464,0.480606034283,0.413973979546,0.190247434668,0.663788283414,0.101192423433,0.838985245336,0.982639025817,0.062318137471,0.664779503586,0.121078960727,0.366528480358,0.936533609693,0.657101136704,0.923127918132,0.858877763459,0.726353342559,0.417334642891,0.405173664511,0.905191650584,0.0624338115966,0.365990111084,0.240594202965,0.125545860252,0.156361300272,0.499592854493,0.153351607112,NOT RATED,"English, Japanese",USA,Otto Preminger,1953,"Crime, Drama, Film-Noir",91,"4,922",Robert Mitchum, Jean Simmons,9757.0,0.187045198319,1.12522603978,0.918671547025
Only God Forgives,0.281015394119,0.269148766878,0.0785779043506,0.452619388461,0.305309165477,0.216726685346,0.173806108854,0.482624535305,0.248328499427,0.212689715375,0.921350356487,0.0928884084124,0.687604495117,0.161597337681,0.373134957378,0.83516749951,0.734589026261,0.974706788904,0.900619181756,0.886413987185,0.63909943825,0.750712847244,0.735302548632,0.0646096030216,0.139653867161,0.471206995006,0.485822757487,0.00986084981602,0.712643379655,0.00738962643708,R,"English, Thai","Denmark, France, USA, Sweden",Nicolas Winding Refn,2013,"Crime, Drama",90,"84,076",Ryan Gosling, Kristin Scott Thomas,1470.0,0.334013605442,0.92,0.878645184533
View from the Top,0.673920264196,0.846167384863,0.0285610716167,0.713818815184,0.662121822691,0.566964651499,0.640486180405,0.906248849366,0.271900246066,0.810819462,0.969193269544,0.0618614558052,0.732377657718,0.126250488554,0.350562763016,0.883268510941,0.96439416206,0.886042323671,0.855634976454,0.768459187153,0.855238762805,0.892270833792,0.744422335616,0.0932962027082,0.652435468445,0.126825134488,0.164224759758,0.441587037763,0.915261150566,0.203128007812,PG-13,English,USA,Bruno Barreto,2003,"Comedy, Romance",87,"21,317",Gwyneth Paltrow, Christina Applegate,8111.0,0.228578473678,1.54491017964,0.880868306592
Unicorn City,0.339087226106,0.616499413981,0.129139836688,0.746487772415,0.387557165532,0.339101576353,0.307142241344,0.63551720327,0.355728331662,0.639603301525,0.907009409207,0.0478990515118,0.41368107535,0.150279112834,0.331431219954,0.825874209802,0.744186294442,0.870945979703,0.629664080111,0.599602553892,0.934698217441,0.679323068609,0.929250987398,0.357324383048,0.733046537439,0.293181401094,0.121612053605,0.284049667477,0.673685227609,0.341236173577,PG,English,USA,Bryan Lefler,2012,"Comedy, Romance",103,"1,093",Jon Gries, Matt Mattson,7548.0,0.25741918389,1.43210659898,0.892569202912
Cosmopolis,0.41037781286,0.517160907063,0.244245662403,0.514013042462,0.440567731965,0.624541234108,0.467590594641,0.355881456315,0.412561238975,0.604610926247,0.763989303428,0.122435985354,0.716151990414,0.126875338294,0.394646116493,0.935812878042,0.567738673822,0.41159679423,0.86672225107,0.872386625282,0.885329850964,0.417584798512,0.995550963126,0.617601607276,0.811300027992,0.383335765802,0.119462998463,0.357285396434,0.237290896272,0.789296757103,R,English,"Canada, France, Portugal, Italy",David Cronenberg,2012,Drama,109,"38,052",Robert Pattinson, Sarah Gadon,8771.0,0.2556150952,1.22106360792,0.883137300344
Meet the Fockers,0.363323155449,0.744311296419,0.103125682558,0.688191933259,0.339031698427,0.159096901244,0.128866906279,0.559113295659,0.219279706528,0.613745780093,0.876991069625,0.0988186786269,0.556642187408,0.18987536257,0.580752011366,0.867196733135,0.842983378194,0.920715589504,0.780388398911,0.538000370873,0.661216930518,0.825269722321,0.705632093134,0.110118148014,0.590292175878,0.262773734402,0.290111800782,0.200361532502,0.778222700489,0.314076176211,PG-13,"English, Spanish, Hebrew",USA,Jay Roach,2004,"Comedy, Romance",115,"212,060",Robert De Niro, Ben Stiller,15316.0,0.170801775921,1.47032101757,0.865801602669
Angels Sing,0.740907613825,0.923031464281,0.0218982190706,0.855841353835,0.462036794667,0.225051489734,0.292701106246,0.870298399254,0.183687716653,0.886316115417,0.970782704576,0.032652496977,0.633619012536,0.0820339118513,0.417588099945,0.813630839926,0.959656795746,0.955498828871,0.835244259339,0.521563147691,0.574062164627,0.971254347474,0.542623474732,0.0414344919307,0.64326999386,0.0727803790537,0.0413048813671,0.463659441507,0.938330719205,0.0900023914261,PG,English,USA,Tim McCanlies,2013,"Comedy, Drama, Family",87,"1,381",Harry Connick Jr., Connie Britton,6889.0,0.210915952969,1.59502923977,0.874933425778
Private Parts,0.342040188445,0.501177995148,0.0653472122863,0.580434283128,0.350492523139,0.357857634478,0.245995059515,0.621345459825,0.473816685991,0.387713057231,0.798330015418,0.161466136524,0.636031842099,0.153900380936,0.606579005743,0.799608040866,0.889273454992,0.789597744084,0.736818790315,0.713155001996,0.704701399369,0.892318942537,0.839781635828,0.358378103397,0.564801180691,0.264233857891,0.337799294756,0.235172261861,0.835288516435,0.379081883354,R,English,USA,Betty Thomas,1997,"Biography, Comedy, Drama",109,"29,399",Howard Stern, Robin Quivers,16366.0,0.160821214713,1.41936407906,0.877973899653
Private Number,0.499284687458,0.61553518865,0.129512546494,0.50668996689,0.306351651488,0.163555414271,0.170931183888,0.487204952489,0.21622973779,0.574242281443,0.931421314244,0.142173219141,0.725963583701,0.276523222985,0.437596762906,0.852910046615,0.743602918333,0.975997459824,0.826855991215,0.595533813698,0.513107371582,0.786926448436,0.753227887544,0.113575063669,0.372329210548,0.439415780635,0.225401159596,0.0944839834795,0.721101888246,0.132695278739,R,English,USA,LazRael Lison,2014,"Horror, Mystery, Thriller",95,801,Judd Nelson, Tom Sizemore,6376.0,0.203732747804,1.21642310369,0.900449751729
Eat a Bowl of Tea,0.424632086695,0.547292953455,0.0125121927305,0.70694178399,0.516477644889,0.390075040304,0.381972453511,0.843029631083,0.314720490944,0.494691225891,0.934099627792,0.0342208213643,0.401323319507,0.0477907395496,0.433629126729,0.649107867776,0.952968562891,0.836090525675,0.76888111512,0.901561419455,0.783095420915,0.940031618902,0.754397959036,0.074900331732,0.276037620734,0.101364290657,0.174513963414,0.163976873026,0.846373460978,0.0418484307898,PG-13,"English, Mandarin",USA,Wayne Wang,1989,"Drama, Romance",102,530,Cora Miao, Russell Wong,4724.0,0.253598645216,1.34516765286,0.900658229604
Jason Lives: Friday the 13th Part VI,0.261219066168,0.334356295825,0.0586638799616,0.813395577439,0.271264090506,0.316722782684,0.141021338987,0.728316041557,0.423849208685,0.425555584176,0.891396470723,0.0537983876514,0.350044816993,0.0790797377678,0.45688546627,0.402697324165,0.768076631372,0.92251038465,0.442019198189,0.726926417783,0.678987430405,0.848469962184,0.668422706411,0.145381961317,0.224714675042,0.288943595449,0.297129898186,0.0316998917185,0.736856027445,0.0185363162181,R,English,USA,Tom McLoughlin,1986,"Horror, Thriller",86,"25,619",Thom Mathews, Jennifer Cooke,4011.0,0.268511593119,1.23965141612,0.844966223678
Corporate,0.556523832098,0.631780664871,0.103213911583,0.565932444068,0.777414452075,0.856289810367,0.839055204741,0.766439428291,0.242629236786,0.669482213897,0.834696573131,0.0896103139116,0.48375516496,0.0874958981511,0.146483089463,0.9504874449,0.861678123102,0.36996949301,0.841649224067,0.942765443109,0.793775184427,0.547431056169,0.966896092734,0.215098786041,0.458923120035,0.271183913536,0.312990429905,0.649737915364,0.458677393194,0.552187833228,N/A,Hindi,India,Madhur Bhandarkar,2006,Drama,142,"1,489",Bipasha Basu, Kay Kay Menon,11941.0,0.198140859225,1.56865979381,0.915639986588
Eating Out,0.210890697424,0.636973199772,0.1860370442,0.510750314912,0.0956392618854,0.0423066524081,0.0436328444138,0.308744890032,0.316379572674,0.368241608639,0.765005423582,0.232332748758,0.454916715703,0.451619668346,0.640047794387,0.540931927373,0.589151536253,0.968305041727,0.590634192151,0.411691879118,0.485980481889,0.771620888331,0.45148361465,0.0604082388868,0.451404988632,0.474593863049,0.350507845529,0.0496542408499,0.713604261051,0.183390796397,UNRATED,English,USA,Q. Allan Brocka,2004,"Comedy, Drama, Romance",90,"5,041",Rebekah Kochan, Scott Lunsford,6635.0,0.223813112283,1.32558139535,0.862206254063
Winchester 73,0.407994364521,0.660657196735,0.0260989445787,0.912675380267,0.396648023394,0.328889414009,0.212092800863,0.793608397381,0.149458086539,0.789188769565,0.978436081629,0.00368406280369,0.318695817266,0.0145821722282,0.389732993448,0.575474846933,0.809830929498,0.779586754332,0.458351264847,0.749142308977,0.844970827753,0.785408179018,0.840047023756,0.0503974078667,0.346359577565,0.0902798576621,0.0688448773748,0.108205554058,0.683547207124,0.054702760815,N/A,English,USA,Herschel Daugherty,1967,Western,97,131,Tom Tryon, John Saxon,7459.0,0.19439603164,1.31455696203,0.883711364639
